company_name,Job_Title,department,location,seniority,job_url,growth_signal_tag,processed_timestamp,growth_tag_remote_hiring_focus,growth_tag_product_team_buildout
Chargebee,Product Marketing Manager,Marketing,"Chennai, India",Mid,https://www.linkedin.com/jobs/view/product-marketing-manager-at-chargebee-4236023473,"Leadership Upgrade, New Product Initiative",2025-06-21 20:16:32,False,False
Chargebee,Staff Product Manager,Product,"Chennai, India",Mid,https://in.linkedin.com/jobs/view/staff-product-manager-at-chargebee-4243602661,"Leadership Upgrade, New Product Initiative",2025-06-21 20:16:32,False,True
Chargebee,Large Enterprise Program Manager,Other,"Chennai, India",Mid,https://www.linkedin.com/jobs/view/large-enterprise-program-manager-at-chargebee-4239605424,Leadership Upgrade,2025-06-21 20:16:32,False,False
Chargebee,Product Marketing Manager -Saas,Marketing,"Chennai, India",Mid,https://in.linkedin.com/jobs/view/product-marketing-manager-saas-at-chargebee-4248768858,"Leadership Upgrade, New Product Initiative",2025-06-21 20:16:32,False,False
Chargebee,Product Marketing Manager,Marketing,"Chennai, India",Mid,https://in.linkedin.com/jobs/view/product-marketing-manager-revenue-recognition-at-chargebee-4247319646,"Leadership Upgrade, New Product Initiative",2025-06-21 20:16:32,False,False
Chargebee,Business Development Representative,Product,"Chennai, India",Mid,https://www.linkedin.com/jobs/view/business-development-representative-at-chargebee-4208315795,General Hiring,2025-06-21 20:16:32,False,True
Chargebee,Business Development Representative,Product,"Chennai, India",Mid,https://ie.linkedin.com/jobs/view/business-development-representative-at-chargebee-3920389733,General Hiring,2025-06-21 20:16:32,False,True
Chargebee,Business Development Representative Emea,Product,"Chennai, India",Mid,https://in.linkedin.com/jobs/view/business-development-representative-emea-at-chargebee-4217444510,General Hiring,2025-06-21 20:16:32,False,True
Chargebee,Enterprise Business Development Representative,Product,"Chennai, India",Mid,https://ie.linkedin.com/jobs/view/enterprise-business-development-representative-at-chargebee-4050293110,General Hiring,2025-06-21 20:16:32,False,True
Chargebee,Enterprise Account Executive,Other,"Chennai, India",Mid,https://www.linkedin.com/jobs/view/enterprise-account-executive-at-chargebee-4159002587?refId=tOoR%2B2wMXB4BiKb65mRzCA%3D%3D&trackingId=ovFGcMQ8ZdyVM7AyC4EGtw%3D%3D,General Hiring,2025-06-21 20:16:32,False,False
Chargebee,Software Engineer Backend,Engineering,"Chennai, India",Mid,https://in.linkedin.com/jobs/view/software-engineer-backend-at-chargebee-4252795952,Engineering Buildout,2025-06-21 20:16:32,False,False
Chargebee,Senior Software Engineer,Engineering,"Chennai, India",Senior,https://in.linkedin.com/jobs/view/senior-software-engineer-cloud-infrastructure-at-chargebee-4249333466,Engineering Buildout,2025-06-21 20:16:32,False,False
Chargebee,Lead Software Engineer,Engineering,"Chennai, India",Lead,https://in.linkedin.com/jobs/view/lead-software-engineer-at-chargebee-4250572150,"Leadership Upgrade, Engineering Buildout",2025-06-21 20:16:32,False,False
Chargebee,Software Engineer,Engineering,"Chennai, India",Mid,https://in.linkedin.com/jobs/view/software-engineer-at-chargebee-4245679016,Engineering Buildout,2025-06-21 20:16:32,False,False
Chargebee,Staff Product Designer,Design,"Chennai, India",Mid,https://in.linkedin.com/jobs/view/staff-product-designer-at-chargebee-4248586460,"Design Overhaul, New Product Initiative",2025-06-21 20:16:32,False,True
Chargebee,Senior Director Design Research,Design,"Chennai, India",Senior,https://www.linkedin.com/jobs/view/senior-director-design-research-at-chargebee-4081314653,Leadership Upgrade,2025-06-21 20:16:32,False,False
Chargebee,Lead Ux Product Designer,Design,"Chennai, India",Lead,https://www.linkedin.com/jobs/view/lead-ux-product-designer-at-deloitte-4245935416,"Leadership Upgrade, Design Overhaul, New Product Initiative",2025-06-21 20:16:32,False,True
Chargebee,User Interaction User Experience Designer,Design,"Chennai, India",Mid,https://www.linkedin.com/jobs/view/user-interaction-user-experience-ui-ux-designer-at-m-s-consulting-4233444269,Design Overhaul,2025-06-21 20:16:32,False,False
Chargebee,Front End Engineer,Engineering,"Chennai, India",Mid,https://in.linkedin.com/jobs/view/188171756,General Hiring,2025-06-21 20:16:32,False,False
Chargebee,Senior Lead Software Engineer,Engineering,"Chennai, India",Senior,https://in.linkedin.com/jobs/view/senior-lead-software-engineer-at-chargebee-4212698827,"Leadership Upgrade, Engineering Buildout",2025-06-21 20:16:32,False,False
Chargebee,Customer Success Manager,CSM,"Chennai, India",Mid,https://ie.linkedin.com/jobs/view/customer-success-manager-at-chargebee-4213549553,Leadership Upgrade,2025-06-21 20:16:32,False,False
Chargebee,Global Head Of Customer Operations,Other,"Chennai, India",Mid,https://www.linkedin.com/jobs/view/3829486346,General Hiring,2025-06-21 20:16:32,False,False
Chargebee,Customer Success Manager Work,CSM,"Chennai, India",Mid,https://www.linkedin.com/jobs/view/customer-success-manager-work-from-home-at-persona-4225876206,Leadership Upgrade,2025-06-21 20:16:32,False,False
Chargebee,Soluti,Other,"Chennai, India",Mid,https://www.linkedin.com/jobs/view/solution-specialist-growth-retention-at-chargebee-4074404203,General Hiring,2025-06-21 20:16:32,False,False
Chargebee,Customer Success Manager,CSM,"Chennai, India",Mid,https://www.linkedin.com/jobs/view/3843730546,Leadership Upgrade,2025-06-21 20:16:32,False,False
Chargebee,Customer Success Manager,CSM,"Chennai, India",Mid,https://www.linkedin.com/jobs/view/3767433410/,Leadership Upgrade,2025-06-21 20:16:32,False,False
Chargebee,Director Soluti,Marketing,"Chennai, India",Director,https://www.linkedin.com/jobs/view/director-solution-marketing-at-chargebee-3747957879,Leadership Upgrade,2025-06-21 20:16:32,False,False
Chargebee,Senior Director Of Marketing Operations,Marketing,"Chennai, India",Senior,https://ie.linkedin.com/jobs/view/senior-director-of-marketing-operations-at-chargebee-4041617020,Leadership Upgrade,2025-06-21 20:16:32,False,False
Chargebee,Field Marketing Manager,Marketing,"Chennai, India",Mid,https://ie.linkedin.com/jobs/view/field-marketing-manager-at-chargebee-3884270144,Leadership Upgrade,2025-06-21 20:16:32,False,False
Chargebee,Data Analyst,Data,"Chennai, India",Mid,https://in.linkedin.com/jobs/view/data-analyst-at-chargebee-188170298,General Hiring,2025-06-21 20:16:32,False,False
Chargebee,Data Analyst,Data,"Chennai, India",Mid,https://www.linkedin.com/jobs/view/data-analyst-remote-graveyard-at-anytime-mailbox-4198214226,General Hiring,2025-06-21 20:16:32,False,False
Chargebee,Senior Business System Analyst,Data,"Chennai, India",Senior,https://in.linkedin.com/jobs/view/senior-business-system-analyst-at-chargebee-4251178285,General Hiring,2025-06-21 20:16:32,False,False
Chargebee,Data Scientist,Data,"Chennai, India",Mid,https://in.linkedin.com/jobs/view/data-scientist-at-chargebee-4246254134,General Hiring,2025-06-21 20:16:32,False,False
Chargebee,Large Enterprise Program Manager,Other,"Chennai, India",Mid,https://www.linkedin.com/jobs/view/large-enterprise-program-manager-at-chargebee-4220225801,Leadership Upgrade,2025-06-21 20:16:32,False,False
Chargebee,Learning And Development Manager,Product,"Chennai, India",Mid,https://in.linkedin.com/jobs/view/learning-and-development-manager-at-chargebee-4220976643,Leadership Upgrade,2025-06-21 20:16:32,False,True
Chargebee,Global People Operati,Other,"Chennai, India",Mid,https://in.linkedin.com/jobs/view/global-people-operation-manager-at-chargebee-4194875486,Leadership Upgrade,2025-06-21 20:16:32,False,False
Chargebee,Business Recruiter Customer Experience Ops G A,Design,"Chennai, India",Mid,https://www.linkedin.com/jobs/view/business-recruiter-customer-experience-ops-g-a-contract-at-rippling-4243029061,General Hiring,2025-06-21 20:16:32,False,False
Chargebee,Lead Performance Testing Engineer,Engineering,"Chennai, India",Lead,https://in.linkedin.com/jobs/view/lead-performance-testing-engineer-at-chargebee-4248737009,Leadership Upgrade,2025-06-21 20:16:32,False,False
Chargebee,Lead Performance Testing Engineer,Engineering,"Chennai, India",Lead,https://in.linkedin.com/jobs/view/lead-performance-testing-engineer-at-chargebee-4227379783,Leadership Upgrade,2025-06-21 20:16:32,False,False
Chargebee,Senior Manager Gtm Systems,Other,"Chennai, India",Senior,https://www.linkedin.com/jobs/view/senior-manager-gtm-systems-at-chargebee-4159006145,Leadership Upgrade,2025-06-21 20:16:32,False,False
Chargebee,Lead Full Stack Engineer,Engineering,"Chennai, India",Lead,https://in.linkedin.com/jobs/view/lead-full-stack-engineer-at-chargebee-4229245330,Leadership Upgrade,2025-06-21 20:16:32,False,False
Chargebee,Lead Security Engineer,Engineering,"Chennai, India",Lead,https://in.linkedin.com/jobs/view/lead-security-engineer-at-chargebee-4218025908,Leadership Upgrade,2025-06-21 20:16:32,False,False
Plum Insurance,Senior Product Manager,Product,"Bangalore, India",Senior,https://in.linkedin.com/jobs/view/senior-product-manager-at-plum-4233979349,"Leadership Upgrade, New Product Initiative",2025-06-21 20:16:32,False,True
Plum Insurance,Senior Product Manager,Product,"Bangalore, India",Senior,https://in.linkedin.com/jobs/view/senior-product-manager-at-plum-4205239403,"Leadership Upgrade, New Product Initiative",2025-06-21 20:16:32,False,True
Plum Insurance,Product Manager Ii,Product,"Bangalore, India",Mid,https://in.linkedin.com/jobs/view/product-manager-ii-at-plum-4205234930,"Leadership Upgrade, New Product Initiative",2025-06-21 20:16:32,False,True
Plum Insurance,Senior Product Marketing Manager,Marketing,"Bangalore, India",Senior,https://in.linkedin.com/jobs/view/senior-product-marketing-manager-at-plum-4245640035,"Leadership Upgrade, New Product Initiative",2025-06-21 20:16:32,False,False
Plum Insurance,Group Product Manager,Product,"Bangalore, India",Mid,https://uk.linkedin.com/jobs/view/group-product-manager-savings-at-plum-4225520957,"Leadership Upgrade, New Product Initiative",2025-06-21 20:16:32,False,True
Plum Insurance,Sales Leader,Sales,"Bangalore, India",Lead,https://in.linkedin.com/jobs/view/sales-leader-multiple-locations-at-plum-4218342457,"Leadership Upgrade, Go-To-Market Expansion",2025-06-21 20:16:32,False,False
Plum Insurance,Account Executive,Other,"Bangalore, India",Mid,https://www.linkedin.com/jobs/view/account-executive-at-plum-commercial-real-estate-lending-4227524557,General Hiring,2025-06-21 20:16:32,False,False
Plum Insurance,Account Executive Smb Sales,Sales,"Bangalore, India",Mid,https://in.linkedin.com/jobs/view/account-executive-smb-sales-at-plum-4228243385,Go-To-Market Expansion,2025-06-21 20:16:32,False,False
Plum Insurance,Outside Sales Representative,Sales,"Bangalore, India",Mid,https://www.linkedin.com/jobs/view/outside-sales-representative-at-platinum-supplemental-insurance-inc-4138175322,Go-To-Market Expansion,2025-06-21 20:16:32,False,False
Plum Insurance,Vp Voluntary Insurance Sales Account Management,Sales,"Bangalore, India",VP,https://www.linkedin.com/jobs/view/vp-voluntary-insurance-sales-account-management-at-ebg-4219381733,"Leadership Upgrade, Go-To-Market Expansion",2025-06-21 20:16:32,False,False
Plum Insurance,Software Engineer Ii,Engineering,"Bangalore, India",Mid,https://in.linkedin.com/jobs/view/software-engineer-ii-ios-at-plum-4245639149,Engineering Buildout,2025-06-21 20:16:32,False,False
Plum Insurance,Software Engineer,Engineering,"Bangalore, India",Mid,https://in.linkedin.com/jobs/view/software-engineer-ii-full-stack-at-plum-4053046170,Engineering Buildout,2025-06-21 20:16:32,False,False
Plum Insurance,Software Engineer,Engineering,"Bangalore, India",Mid,https://in.linkedin.com/jobs/view/software-engineer-ii-backend-at-plum-4082196468,Engineering Buildout,2025-06-21 20:16:32,False,False
Plum Insurance,Software Engineer,Engineering,"Bangalore, India",Mid,https://in.linkedin.com/jobs/view/software-engineer-iii-frontend-at-plum-4182475157,Engineering Buildout,2025-06-21 20:16:32,False,False
Plum Insurance,Software Engineer Iii,Engineering,"Bangalore, India",Mid,https://in.linkedin.com/jobs/view/software-engineer-iii-fullstack-at-plum-4175549984,Engineering Buildout,2025-06-21 20:16:32,False,False
Plum Insurance,97 Plum Jobs,Other,"Bangalore, India",Mid,https://in.linkedin.com/jobs/view/se-ii-ios-at-plum-3709789510,General Hiring,2025-06-21 20:16:32,False,False
Plum Insurance,Ux Researcher,Design,"Bangalore, India",Mid,https://www.linkedin.com/jobs/view/4068226565,General Hiring,2025-06-21 20:16:32,False,False
Plum Insurance,Senior Product Designer,Design,"Bangalore, India",Senior,https://uk.linkedin.com/jobs/view/senior-product-designer-ai-at-plum-4093234496,"Design Overhaul, New Product Initiative",2025-06-21 20:16:32,False,True
Plum Insurance,Senior Digital Ux Ui Designer,Design,"Bangalore, India",Senior,https://www.linkedin.com/jobs/view/senior-digital-ux-ui-designer-at-tonic3-4223396866,Design Overhaul,2025-06-21 20:16:32,False,False
Plum Insurance,Plum Προσλήψεις Senior Product Designer,Design,"Bangalore, India",Senior,https://gr.linkedin.com/jobs/view/product-designer-at-plum-4065574320,"Design Overhaul, New Product Initiative",2025-06-21 20:16:32,False,True
Plum Insurance,Lead,Other,"Bangalore, India",Lead,https://in.linkedin.com/jobs/view/lead-web-experiences-at-plum-4188125753,Leadership Upgrade,2025-06-21 20:16:32,False,False
Plum Insurance,Customer Success Executive Endorsements,CSM,"Bangalore, India",Mid,https://in.linkedin.com/jobs/view/customer-success-executive-endorsements-at-plum-4223608802,General Hiring,2025-06-21 20:16:32,False,False
Plum Insurance,Customer Success Manager,CSM,"Bangalore, India",Mid,https://in.linkedin.com/jobs/view/customer-success-manager-at-plum-4194705646,Leadership Upgrade,2025-06-21 20:16:32,False,False
Plum Insurance,Customer Success Executive,CSM,"Bangalore, India",Mid,https://in.linkedin.com/jobs/view/customer-success-executive-at-plum-4247183981,General Hiring,2025-06-21 20:16:32,False,False
Plum Insurance,Customer Success Associate,CSM,"Bangalore, India",Junior,https://in.linkedin.com/jobs/view/customer-success-associate-at-skill-veda-4192108716,General Hiring,2025-06-21 20:16:32,False,False
Plum Insurance,Leasing Marketing Agent,Marketing,"Bangalore, India",Mid,https://www.linkedin.com/jobs/view/leasing-marketing-agent-the-green-at-plum-creek-at-embrey-4226285925,General Hiring,2025-06-21 20:16:32,False,False
Plum Insurance,Growth Marketing Manager,Marketing,"Bangalore, India",Mid,https://www.linkedin.com/jobs/view/4068427366/,Leadership Upgrade,2025-06-21 20:16:32,False,False
Plum Insurance,Marketing Coordinator Insurance Placement Services,Marketing,"Bangalore, India",Mid,https://www.linkedin.com/jobs/view/marketing-coordinator-insurance-placement-services-at-assuredpartners-4229344645,General Hiring,2025-06-21 20:16:32,False,False
Plum Insurance,Data Analyst,Data,"Bangalore, India",Mid,https://cy.linkedin.com/jobs/view/data-analyst-at-plum-4225527121,General Hiring,2025-06-21 20:16:32,False,False
Plum Insurance,Senior Data Analyst,Data,"Bangalore, India",Senior,https://cy.linkedin.com/jobs/view/senior-data-analyst-at-plum-4080245561,General Hiring,2025-06-21 20:16:32,False,False
Plum Insurance,Senior Data Analyst,Data,"Bangalore, India",Senior,https://uk.linkedin.com/jobs/view/senior-data-analyst-at-plum-4216100003,General Hiring,2025-06-21 20:16:32,False,False
Plum Insurance,Plum Προσλήψεις Data Analyst Σε Athens,Data,"Bangalore, India",Mid,https://gr.linkedin.com/jobs/view/data-analyst-at-plum-4230746277?refId=A0uv3oVPAxxDiF9muhM0WQ%3D%3D&trackingId=Z1llHEXTDKli2kSJSEmyRQ%3D%3D,General Hiring,2025-06-21 20:16:32,False,False
Plum Insurance,Data Engineer Sr,Engineering,"Bangalore, India",Mid,https://www.linkedin.com/jobs/view/data-engineer-sr-at-wiraa-4245913846,General Hiring,2025-06-21 20:16:32,False,False
Plum Insurance,Talent Acquisiti,Design,"Bangalore, India",Lead,https://in.linkedin.com/jobs/view/talent-acquisition-lead-leadership-hiring-at-plum-4251512241,Leadership Upgrade,2025-06-21 20:16:32,False,False
Plum Insurance,Senior Data,Data,"Bangalore, India",Senior,https://www.linkedin.com/jobs/view/senior-data-scientist-at-plum-commercial-real-estate-lending-4230835481,General Hiring,2025-06-21 20:16:32,False,False
Plum Insurance,Hr Business Partner,HR,"Bangalore, India",Mid,https://in.linkedin.com/jobs/view/hr-business-partner-tech-at-plum-4250581394,General Hiring,2025-06-21 20:16:32,False,False
Plum Insurance,Talent Acquisiti,Design,"Bangalore, India",Mid,https://in.linkedin.com/jobs/view/talent-acquisition-partner-at-plum-4217294840,General Hiring,2025-06-21 20:16:32,False,False
Plum Insurance,Engineering Lead,Engineering,"Bangalore, India",Lead,https://cy.linkedin.com/jobs/view/engineering-lead-at-plum-4148684781,Leadership Upgrade,2025-06-21 20:16:32,False,False
Plum Insurance,Senior Engineering Lead,Engineering,"Bangalore, India",Senior,https://uk.linkedin.com/jobs/view/senior-engineering-lead-brokerage-at-plum-4249016099,Leadership Upgrade,2025-06-21 20:16:32,True,False
Plum Insurance,Engineering Lead,Engineering,"Bangalore, India",Lead,https://cy.linkedin.com/jobs/view/engineering-lead-core-experience-at-plum-3936130537,Leadership Upgrade,2025-06-21 20:16:32,False,False
Plum Insurance,Director Of Engineering,Engineering,"Bangalore, India",Director,https://cy.linkedin.com/jobs/view/director-of-engineering-at-plum-4246351618,Leadership Upgrade,2025-06-21 20:16:32,False,False
Yellow.ai,Product Specialist,Other,"San Mateo, USA",Mid,https://in.linkedin.com/jobs/view/product-specialist-at-yellow-ai-4205795928,New Product Initiative,2025-06-21 20:16:32,False,False
Yellow.ai,Senior Customer Success Manager,CSM,"San Mateo, USA",Senior,https://www.linkedin.com/jobs/view/senior-customer-success-manager-at-yellow-ai-4240944536,Leadership Upgrade,2025-06-21 20:16:32,False,False
Yellow.ai,Engagement Manager,Other,"San Mateo, USA",Mid,https://www.linkedin.com/jobs/view/engagement-manager-product-transformation-retail-industry-at-capital-markets-placement-4224958835,"Leadership Upgrade, New Product Initiative",2025-06-21 20:16:32,False,False
Yellow.ai,Experienced Product Coach,Other,"San Mateo, USA",Mid,https://www.linkedin.com/jobs/view/experienced-product-coach-at-product-career-accelerator-4238291906,New Product Initiative,2025-06-21 20:16:32,False,False
Yellow.ai,Enterprise Account Manager,Other,"San Mateo, USA",Mid,https://in.linkedin.com/jobs/view/enterprise-account-manager-at-yellow-ai-4250412420,Leadership Upgrade,2025-06-21 20:16:32,False,False
Yellow.ai,Regional Marketing Manager,Marketing,"San Mateo, USA",Mid,https://sg.linkedin.com/jobs/view/regional-marketing-manager-at-yellow-ai-3749190284,Leadership Upgrade,2025-06-21 20:16:32,False,False
Yellow.ai,Senior Sales Director,Sales,"San Mateo, USA",Senior,https://sg.linkedin.com/jobs/view/senior-sales-director-at-yellow-ai-4213896912,"Leadership Upgrade, Go-To-Market Expansion",2025-06-21 20:16:32,False,False
Yellow.ai,Enterprise Sales Manager,Sales,"San Mateo, USA",Mid,https://sg.linkedin.com/jobs/view/enterprise-sales-manager-at-yellow-ai-4143860797,"Leadership Upgrade, Go-To-Market Expansion",2025-06-21 20:16:32,False,False
Yellow.ai,Business Development Representative,Product,"San Mateo, USA",Mid,https://in.linkedin.com/jobs/view/business-development-representative-at-conversas-inteligentes-by-yellow-ai-4235910837,General Hiring,2025-06-21 20:16:32,False,False
Yellow.ai,Enterprise Account Executive,Other,"San Mateo, USA",Mid,https://ae.linkedin.com/jobs/view/enterprise-account-executive-at-yellow-ai-4224330021,General Hiring,2025-06-21 20:16:32,False,False
Yellow.ai,Presales Solutions Consultant,Sales,"San Mateo, USA",Mid,https://www.linkedin.com/jobs/view/presales-solutions-consultant-at-yellow-ai-4157301578?lg=en,Go-To-Market Expansion,2025-06-21 20:16:32,False,False
Yellow.ai,Software Development Engineer,Engineering,"San Mateo, USA",Mid,https://in.linkedin.com/jobs/view/software-development-engineer-voip-platform-at-yellow-ai-4248381580,General Hiring,2025-06-21 20:16:32,False,False
Yellow.ai,Ai Ml Engineer,Engineering,"San Mateo, USA",Mid,https://in.linkedin.com/jobs/view/ai-ml-engineer-at-yellow-ai-4218615397,General Hiring,2025-06-21 20:16:32,False,False
Yellow.ai,Devops Engineer,Engineering,"San Mateo, USA",Mid,https://in.linkedin.com/jobs/view/devops-engineer-at-yellow-ai-4192932433,General Hiring,2025-06-21 20:16:32,False,False
Yellow.ai,Site Reliability Engineer,Engineering,"San Mateo, USA",Mid,https://in.linkedin.com/jobs/view/site-reliability-engineer-aws-azure-at-yellow-ai-4182366583,General Hiring,2025-06-21 20:16:32,False,False
Yellow.ai,Yellow Ai,Engineering,"San Mateo, USA",Mid,https://in.linkedin.com/jobs/view/yellow-ai-devops-engineer-cloud-infrastructure-at-yellow-ai-4197606125,General Hiring,2025-06-21 20:16:32,False,False
Yellow.ai,Yellow Ai,Engineering,"San Mateo, USA",Mid,https://in.linkedin.com/jobs/view/yellow-ai-support-engineer-it-automation-at-yellow-ai-4193624729,General Hiring,2025-06-21 20:16:32,False,False
Yellow.ai,Ux Developer Designer,Engineering,"San Mateo, USA",Mid,https://www.linkedin.com/jobs/view/ux-developer-%2B-designer-at-scout-collective-4245587778,Design Overhaul,2025-06-21 20:16:32,False,False
Yellow.ai,Ux Ui Designer Intern,Design,"San Mateo, USA",Intern,https://www.linkedin.com/jobs/view/ux-ui-designer-intern-unpaid-at-savestate-ai-4193934984,Design Overhaul,2025-06-21 20:16:32,False,False
Yellow.ai,Ux Designer,Design,"San Mateo, USA",Mid,https://in.linkedin.com/jobs/view/ux-designer-at-yellow-slice-208236296,Design Overhaul,2025-06-21 20:16:32,False,False
Yellow.ai,Ui Ux Designer,Design,"San Mateo, USA",Mid,https://in.linkedin.com/jobs/view/ui-ux-designer-at-yellow-slice-196188684,Design Overhaul,2025-06-21 20:16:32,False,False
Yellow.ai,Salesforce Experience Cloud Developer,Engineering,"San Mateo, USA",Mid,https://in.linkedin.com/jobs/view/salesforce-experience-cloud-developer-ui-ux-design-at-marktine-it-solutions-4232688027,Go-To-Market Expansion,2025-06-21 20:16:32,False,False
Yellow.ai,Customer Success Manager,CSM,"San Mateo, USA",Mid,https://id.linkedin.com/jobs/view/customer-success-manager-at-yellow-ai-3536807178,Leadership Upgrade,2025-06-21 20:16:32,False,False
Yellow.ai,Customer Success Manager,CSM,"San Mateo, USA",Mid,https://www.linkedin.com/jobs/view/customer-success-manager-at-cobalt-intelligence-secretary-of-state-api-4242648189,Leadership Upgrade,2025-06-21 20:16:32,False,False
Yellow.ai,Customer Success Manager,CSM,"San Mateo, USA",Mid,https://ae.linkedin.com/jobs/view/customer-success-manager-at-yellow-ai-4028708989,Leadership Upgrade,2025-06-21 20:16:32,False,False
Yellow.ai,Customer Success Manager I,CSM,"San Mateo, USA",Mid,https://www.linkedin.com/jobs/view/customer-success-manager-i-at-brex-4184933707,Leadership Upgrade,2025-06-21 20:16:32,False,False
Yellow.ai,Senior Customer Success Manager Strategic Accounts,CSM,"San Mateo, USA",Senior,https://www.linkedin.com/jobs/view/senior-customer-success-manager-strategic-accounts-east-at-abnormal-ai-4207130349,Leadership Upgrade,2025-06-21 20:16:32,False,False
Yellow.ai,Customer Success Manager,CSM,"San Mateo, USA",Mid,https://www.linkedin.com/jobs/view/customer-success-manager-at-castellum-ai-4249890560,Leadership Upgrade,2025-06-21 20:16:32,False,False
Yellow.ai,Ai Marketing Executive,Marketing,"San Mateo, USA",Mid,https://in.linkedin.com/jobs/view/ai-marketing-executive-at-yellow-catalog-company-online-business-directory-4207691998,General Hiring,2025-06-21 20:16:32,False,False
Yellow.ai,Field Marketing Manager,Marketing,"San Mateo, USA",Mid,https://id.linkedin.com/jobs/view/field-marketing-manager-at-yellow-ai-3902503139,Leadership Upgrade,2025-06-21 20:16:32,False,False
Yellow.ai,Marketing Ai Systems Intern,Marketing,"San Mateo, USA",Intern,https://www.linkedin.com/jobs/view/marketing-ai-systems-intern-at-yellow-card-properties-4173130012,General Hiring,2025-06-21 20:16:32,False,False
Yellow.ai,Senior Sales Director,Sales,"San Mateo, USA",Senior,https://sg.linkedin.com/jobs/view/senior-sales-director-at-yellow-ai-4204747760,"Leadership Upgrade, Go-To-Market Expansion",2025-06-21 20:16:32,False,False
Yellow.ai,Fraud Data Analyst,Data,"San Mateo, USA",Mid,https://gi.linkedin.com/jobs/view/fraud-data-analyst-at-yellow-social-interactive-4236366765,General Hiring,2025-06-21 20:16:32,False,False
Yellow.ai,Senior Data Analyst,Data,"San Mateo, USA",Senior,https://gi.linkedin.com/jobs/view/senior-data-analyst-at-yellow-social-interactive-2638319339?refId=yb5zOuMOS%2Bt7tXXdRDDluA%3D%3D&trackingId=3VJgyAenaFsV9vJscdzi5Q%3D%3D&position=3&pageNum=0&trk=public_jobs_jserp-result_search-card,General Hiring,2025-06-21 20:16:32,False,False
Yellow.ai,Gtm Recruiter,Design,"San Mateo, USA",Mid,https://in.linkedin.com/jobs/view/gtm-recruiter-at-yellow-ai-4150414276,General Hiring,2025-06-21 20:16:32,False,False
Yellow.ai,Recruiting Intern,Design,"San Mateo, USA",Intern,https://sg.linkedin.com/jobs/view/recruiting-intern-at-yellow-ai-4202288792,General Hiring,2025-06-21 20:16:32,False,False
Yellow.ai,Specialist,Other,"San Mateo, USA",Mid,https://in.linkedin.com/jobs/view/specialist-people-operations-at-yellow-ai-4157166299,General Hiring,2025-06-21 20:16:32,False,False
Yellow.ai,Recruiter,Design,"San Mateo, USA",Mid,https://sg.linkedin.com/jobs/view/recruiter-headhunter-remote-full-commission-based-at-timely-find-4143108597,General Hiring,2025-06-21 20:16:32,True,False
Yellow.ai,Yellow Ai,Data,"San Mateo, USA",Mid,https://in.linkedin.com/jobs/view/yellow-ai-grc-analyst-vulnerability-management-at-yellow-ai-4194530132,General Hiring,2025-06-21 20:16:32,False,False
Yellow.ai,Voice Engineer,Engineering,"San Mateo, USA",Mid,https://in.linkedin.com/jobs/view/voice-engineer-at-yellow-ai-4218615383,General Hiring,2025-06-21 20:16:32,False,False
Yellow.ai,Lead Speech Ai Scientist,Other,"San Mateo, USA",Lead,https://in.linkedin.com/jobs/view/lead-speech-ai-scientist-%E2%80%93-multilingual-asr-at-yal-ai-4215254672,Leadership Upgrade,2025-06-21 20:16:32,False,False
Yellow.ai,Lead Ai Engineer,Engineering,"San Mateo, USA",Lead,https://in.linkedin.com/jobs/view/lead-ai-engineer-at-isteer-4223296558,Leadership Upgrade,2025-06-21 20:16:32,False,False
Yellow.ai,Lead Ai Engineer,Engineering,"San Mateo, USA",Lead,https://in.linkedin.com/jobs/view/lead-ai-engineer-machine-learning-at-zs-4204806567,Leadership Upgrade,2025-06-21 20:16:32,False,False
Yellow.ai,Site Reliability Engineer,Engineering,"San Mateo, USA",Mid,https://in.linkedin.com/jobs/view/site-reliability-engineer-at-yellow-ai-4169914492,General Hiring,2025-06-21 20:16:32,False,False
Graphy,Product Manager,Product,"Bangalore, India",Mid,https://in.linkedin.com/jobs/view/product-manager-at-graphy-inc-4243284948,"Leadership Upgrade, New Product Initiative",2025-06-21 20:16:32,False,True
Graphy,Product Operations Intern,Other,"Bangalore, India",Intern,https://in.linkedin.com/jobs/view/product-operations-intern-at-graphy-inc-4226896460,New Product Initiative,2025-06-21 20:16:32,False,False
Graphy,Sales Development Executive,Product,"Bangalore, India",Mid,https://in.linkedin.com/jobs/view/sales-development-executive-us-at-graphy-inc-4212687401,Go-To-Market Expansion,2025-06-21 20:16:32,False,True
Graphy,Intern Sales Development,Product,"Bangalore, India",Intern,https://in.linkedin.com/jobs/view/intern-sales-development-at-graphy-inc-4235884753,Go-To-Market Expansion,2025-06-21 20:16:32,False,True
Graphy,Sales Development Executive,Product,"Bangalore, India",Mid,https://in.linkedin.com/jobs/view/sales-development-executive-at-graphy-inc-4250509191,Go-To-Market Expansion,2025-06-21 20:16:32,False,True
Graphy,Sales Development Associate,Product,"Bangalore, India",Junior,https://in.linkedin.com/jobs/view/sales-development-associate-at-graphy-inc-4148583406,Go-To-Market Expansion,2025-06-21 20:16:32,False,True
Graphy,Sales Development Associate,Product,"Bangalore, India",Junior,https://in.linkedin.com/jobs/view/sales-development-associate-at-graphy-inc-4176669383,Go-To-Market Expansion,2025-06-21 20:16:32,False,True
Graphy,Frontend Developer,Engineering,"Bangalore, India",Mid,https://in.linkedin.com/jobs/view/frontend-developer-at-graphy-inc-4224617641,General Hiring,2025-06-21 20:16:32,False,False
Graphy,Backend Engineer,Engineering,"Bangalore, India",Mid,https://in.linkedin.com/jobs/view/backend-engineer-at-graphy-inc-4158521540,General Hiring,2025-06-21 20:16:32,False,False
Graphy,Web Designer,Design,"Bangalore, India",Mid,https://in.linkedin.com/jobs/view/web-designer-at-graphy-inc-4145617917,Design Overhaul,2025-06-21 20:16:32,False,False
Graphy,Senior Full Stack Laravel Developer,Engineering,"Bangalore, India",Senior,https://pk.linkedin.com/jobs/view/senior-full-stack-laravel-developer-at-designo-graphy-4192788783,General Hiring,2025-06-21 20:16:32,False,False
Graphy,Android Developer,Engineering,"Bangalore, India",Mid,https://in.linkedin.com/jobs/view/android-developer-at-graphy-inc-4175281694,General Hiring,2025-06-21 20:16:32,False,False
Graphy,Full Stack Web Developer,Engineering,"Bangalore, India",Mid,https://pk.linkedin.com/jobs/view/full-stack-web-developer-at-designo-graphy-4032204073,General Hiring,2025-06-21 20:16:32,True,False
Graphy,Senior Web Developer,Engineering,"Bangalore, India",Senior,https://pk.linkedin.com/jobs/view/senior-web-developer-at-designo-graphy-3363423865,General Hiring,2025-06-21 20:16:32,False,False
Graphy,Ui Ux Design,Design,"Bangalore, India",Mid,https://in.linkedin.com/jobs/view/intern-ui-ux-design-at-graphy-inc-4236596496,General Hiring,2025-06-21 20:16:32,False,False
Graphy,Ui Ux Designer Graphic Designer,Design,"Bangalore, India",Mid,https://hk.linkedin.com/jobs/view/ui-ux-designer-graphic-designer-at-adecco-4197705855,Design Overhaul,2025-06-21 20:16:32,False,False
Graphy,Ux Ui Web Designer,Design,"Bangalore, India",Mid,https://www.linkedin.com/jobs/view/ux-ui-web-designer-figma-at-the-spartan-it-group-llc-4136486029,Design Overhaul,2025-06-21 20:16:32,False,False
Graphy,Designer,Design,"Bangalore, India",Mid,https://www.linkedin.com/jobs/view/designer-graphic-ui-ux-designer-at-remote-sharks-4171966288,Design Overhaul,2025-06-21 20:16:32,False,False
Graphy,Visual Designer Android And Pixel Ux,Design,"Bangalore, India",Mid,https://www.linkedin.com/jobs/view/visual-designer-android-and-pixel-ux-at-google-4238806459,Design Overhaul,2025-06-21 20:16:32,False,False
Graphy,Customer Success Manager,CSM,"Bangalore, India",Mid,https://in.linkedin.com/jobs/view/customer-success-manager-at-graphy-inc-4235097846,Leadership Upgrade,2025-06-21 20:16:32,False,False
Graphy,Customer Success Intern,CSM,"Bangalore, India",Intern,https://in.linkedin.com/jobs/view/customer-success-intern-at-graphy-inc-4250890317,General Hiring,2025-06-21 20:16:32,False,False
Graphy,Associate Senior Associate Customer Success,CSM,"Bangalore, India",Junior,https://in.linkedin.com/jobs/view/associate-senior-associate-customer-success-at-graphy-inc-4208028016,General Hiring,2025-06-21 20:16:32,False,False
Graphy,Customer Success Manager,CSM,"Bangalore, India",Mid,https://in.linkedin.com/jobs/view/customer-success-manager-at-shopalyst-4185428539,Leadership Upgrade,2025-06-21 20:16:32,False,False
Graphy,Customer Success Manager,CSM,"Bangalore, India",Mid,https://in.linkedin.com/jobs/view/customer-success-manager-at-milestone-inc-4150036113,Leadership Upgrade,2025-06-21 20:16:32,False,False
Graphy,Marketing Intern,Marketing,"Bangalore, India",Intern,https://in.linkedin.com/jobs/view/marketing-intern-at-graphy-inc-4238095126,General Hiring,2025-06-21 20:16:32,False,False
Graphy,Marketing Intern,Marketing,"Bangalore, India",Intern,https://in.linkedin.com/jobs/view/marketing-intern-at-graphy-inc-4181295852,General Hiring,2025-06-21 20:16:32,False,False
Graphy,Influencer Marketing Lead,Marketing,"Bangalore, India",Lead,https://in.linkedin.com/jobs/view/influencer-marketing-lead-at-graphy-inc-4191534614,Leadership Upgrade,2025-06-21 20:16:32,False,False
Graphy,Social Media Marketing Specialist,Design,"Bangalore, India",Mid,https://pk.linkedin.com/jobs/view/social-media-marketing-specialist-at-designo-graphy-4174148301,General Hiring,2025-06-21 20:16:32,False,False
Graphy,Data Scientist,Data,"Bangalore, India",Mid,https://www.linkedin.com/jobs/view/data-scientist-%E2%80%93-graph-analysis-algorithms-fully-cleared-at-intelliforce-it-solutions-group-llc-4238972698,General Hiring,2025-06-21 20:16:32,False,False
Graphy,Senior Data Consultant,Data,"Bangalore, India",Senior,https://www.linkedin.com/jobs/view/senior-data-consultant-graph-semantics-at-lensa-4252529480,General Hiring,2025-06-21 20:16:32,False,False
Graphy,Data Analyst,Data,"Bangalore, India",Mid,https://www.linkedin.com/jobs/view/data-analyst-at-santcore-technologies-4227687776,General Hiring,2025-06-21 20:16:32,False,False
Graphy,Data Analyst,Data,"Bangalore, India",Mid,https://www.linkedin.com/jobs/view/data-analyst-at-bgb-group-4140181685,General Hiring,2025-06-21 20:16:32,False,False
Graphy,Data Scientist,Data,"Bangalore, India",Mid,https://www.linkedin.com/jobs/view/data-scientist-graph-analysis-at-visionist-inc-4239795737,General Hiring,2025-06-21 20:16:32,False,False
Graphy,Neo4J Tiger Graph Developer Pittsburgh Pa,Engineering,"Bangalore, India",Mid,https://www.linkedin.com/jobs/view/neo4j-tiger-graph-developer-full-time-pittsburgh-pa-cleveland-oh-dallas-tx-3-days-onsite-in-a-week-hybrid-at-jobs-via-dice-4250308824,General Hiring,2025-06-21 20:16:32,False,False
Graphy,Manager And Senior Experienced Hires,Other,"Bangalore, India",Senior,https://www.linkedin.com/jobs/view/manager-and-senior-experienced-hires-at-graph-strategy-4152379952?position=33&pageNum=0&refId=6h0yEuaYyqbvYE9WHHXTUQ%3D%3D&trackingId=nFzBbCogUtuowcOUoUmxXA%3D%3D,Leadership Upgrade,2025-06-21 20:16:32,False,False
Graphy,Full Desk Recruiter,Design,"Bangalore, India",Mid,https://www.linkedin.com/jobs/view/full-desk-recruiter-100%25-remote-%2B-commission-at-shtudy-4250118278,General Hiring,2025-06-21 20:16:32,False,False
Graphy,Software Engineering,Engineering,"Bangalore, India",Mid,https://www.linkedin.com/jobs/view/software-engineering-search-and-knowledge-graph-at-tableau-4188340443,Engineering Buildout,2025-06-21 20:16:32,False,False
Graphy,Graph Lead Developer,Engineering,"Bangalore, India",Lead,https://www.linkedin.com/jobs/view/graph-lead-developer-fulltime-at-aklip-technologies-4253167443,Leadership Upgrade,2025-06-21 20:16:32,False,False
Graphy,Graph Lead Developer,Engineering,"Bangalore, India",Lead,https://www.linkedin.com/jobs/view/graph-lead-developer-at-aklip-technologies-4252041335,Leadership Upgrade,2025-06-21 20:16:32,False,False
Graphy,Graph Lead Developer,Engineering,"Bangalore, India",Lead,https://www.linkedin.com/jobs/view/graph-lead-developer-at-jobs-via-dice-4251508557,Leadership Upgrade,2025-06-21 20:16:32,False,False
Graphy,Senior Machine Learning Engineering Manager,Engineering,"Bangalore, India",Senior,https://www.linkedin.com/jobs/view/senior-machine-learning-engineering-manager-knowledge-graph-at-atlassian-4219010233,Leadership Upgrade,2025-06-21 20:16:32,False,False
Graphy,Senior Machine Learning Engineering Manager,Engineering,"Bangalore, India",Senior,https://www.linkedin.com/jobs/view/senior-machine-learning-engineering-manager-teamwork-graph-at-atlassian-4216593862,Leadership Upgrade,2025-06-21 20:16:32,False,False
Graphy,Senior Software Engineer,Engineering,"Bangalore, India",Senior,https://www.linkedin.com/jobs/view/senior-software-engineer-graph-database-at-tanium-4251816199,Engineering Buildout,2025-06-21 20:16:32,False,False
Kala.ai,Product Manager,Product,"Nicosia, Cyprus",Mid,https://al.linkedin.com/jobs/view/product-manager-at-kalaja-talent-consulting-4115978881,"Leadership Upgrade, New Product Initiative",2025-06-21 20:16:32,False,True
Kala.ai,B2B Sales And Marketing Executive,Sales,"Nicosia, Cyprus",Mid,https://in.linkedin.com/jobs/view/b2b-sales-and-marketing-executive-at-kala-ai-and-expert-based-hiring-4198340083,Go-To-Market Expansion,2025-06-21 20:16:32,False,False
Kala.ai,Hr Strategy And Operations Associate,HR,"Nicosia, Cyprus",Junior,https://in.linkedin.com/jobs/view/strategy-and-operations-associate-at-firstprinciples-holding-company-4160674668,General Hiring,2025-06-21 20:16:32,False,False
Kala.ai,Project Architect,Other,"Nicosia, Cyprus",Mid,https://www.linkedin.com/jobs/view/project-architect-at-kala-performance-homes-4248907172,General Hiring,2025-06-21 20:16:32,False,False
Kala.ai,Social Media Executive,Other,"Nicosia, Cyprus",Mid,https://in.linkedin.com/jobs/view/social-media-executive-at-kala-cassette-4249515398,General Hiring,2025-06-21 20:16:32,False,False
Kala.ai,Administrative Specialist,Other,"Nicosia, Cyprus",Mid,https://www.linkedin.com/jobs/view/administrative-specialist-at-kala-solutions-com-4171499355,General Hiring,2025-06-21 20:16:32,False,False
Kala.ai,Administrative Specialist,Other,"Nicosia, Cyprus",Mid,https://www.linkedin.com/jobs/view/administrative-specialist-at-kala-solutions-com-4171479223,General Hiring,2025-06-21 20:16:32,False,False
Kala.ai,B2B Sales Executive,Sales,"Nicosia, Cyprus",Mid,https://in.linkedin.com/jobs/view/b2b-sales-executive-multiple-locations-at-kala-ai-and-expert-based-hiring-4183360731,Go-To-Market Expansion,2025-06-21 20:16:32,False,False
Kala.ai,Inside Sales Representative,Sales,"Nicosia, Cyprus",Mid,https://www.linkedin.com/jobs/view/inside-sales-representative-new-business-at-kala-brand-music-136337265,Go-To-Market Expansion,2025-06-21 20:16:32,False,False
Kala.ai,Business Development Manager,Product,"Nicosia, Cyprus",Mid,https://in.linkedin.com/jobs/view/business-development-manager-at-kala-imaginarium-4238393174,Leadership Upgrade,2025-06-21 20:16:32,False,True
Kala.ai,Treasury Management Regional Sales,Sales,"Nicosia, Cyprus",Mid,https://www.linkedin.com/jobs/view/treasury-management-regional-sales-manager-at-encore-bank-4231971315,Go-To-Market Expansion,2025-06-21 20:16:32,False,False
Kala.ai,Manager,Product,"Nicosia, Cyprus",Mid,https://www.linkedin.com/jobs/view/manager-business-development-wireless-us-world-wide-accounts-at-wesco-4221747195,Leadership Upgrade,2025-06-21 20:16:32,False,True
Kala.ai,Channel Sales Account Manager,Sales,"Nicosia, Cyprus",Mid,https://in.linkedin.com/jobs/view/channel-sales-account-manager-at-kala-genset-pvt-ltd-india-4233763417,"Leadership Upgrade, Go-To-Market Expansion",2025-06-21 20:16:32,False,False
Kala.ai,Senior Outside Sales Representative,Sales,"Nicosia, Cyprus",Senior,https://www.linkedin.com/jobs/view/senior-outside-sales-representative-security-integrators-at-wesco-4227185468,Go-To-Market Expansion,2025-06-21 20:16:32,False,False
Kala.ai,Software Developer,Engineering,"Nicosia, Cyprus",Mid,https://in.linkedin.com/jobs/view/software-developer-at-kala-group-4151257262,General Hiring,2025-06-21 20:16:32,False,False
Kala.ai,Coding Expertise,Other,"Nicosia, Cyprus",Mid,https://in.linkedin.com/jobs/view/coding-expertise-for-ai-training-at-outlier-4207467780,General Hiring,2025-06-21 20:16:32,False,False
Kala.ai,Principal Software Engineer,Engineering,"Nicosia, Cyprus",Lead,https://in.linkedin.com/jobs/view/principal-software-engineer-mean-stack-at-unext-learning-4221883412,Engineering Buildout,2025-06-21 20:16:32,False,False
Kala.ai,Cofounder Cto,Other,"Nicosia, Cyprus",Mid,https://ie.linkedin.com/jobs/view/cofounder-cto-at-abstract-innovation-4075000441,General Hiring,2025-06-21 20:16:32,False,False
Kala.ai,Frontend Developer,Engineering,"Nicosia, Cyprus",Mid,https://sg.linkedin.com/jobs/view/frontend-developer-at-cyberowl-3918880486,General Hiring,2025-06-21 20:16:32,False,False
Kala.ai,Engineer,Engineering,"Nicosia, Cyprus",Mid,https://in.linkedin.com/jobs/view/engineer-at-scottill-healthcare-pvt-ltd-4239945347,General Hiring,2025-06-21 20:16:32,False,False
Kala.ai,User Experience Designer,Design,"Nicosia, Cyprus",Mid,https://pk.linkedin.com/jobs/view/user-experience-designer-at-loading-it-solutions-4026739613,Design Overhaul,2025-06-21 20:16:32,False,False
Kala.ai,Full Stack Architect Amp 8211 Ui Ux,Design,"Nicosia, Cyprus",Mid,https://www.linkedin.com/jobs/view/full-stack-architect-amp-%238211-ui-ux-at-highbrow-llc-4215626193,General Hiring,2025-06-21 20:16:32,False,False
Kala.ai,Graphic Design Intern,Design,"Nicosia, Cyprus",Intern,https://in.linkedin.com/jobs/view/graphic-design-intern-at-kala-and-kriti-4186266130,General Hiring,2025-06-21 20:16:32,False,False
Kala.ai,Junior Search Engine Optimizati,Other,"Nicosia, Cyprus",Junior,https://in.linkedin.com/jobs/view/junior-search-engine-optimization-seo-specialist-in-chandigarh-mohali-mohali-mohali-uttar-pradesh-chandigarh-himachal-pradesh-uttarakhand-at-relinns-technologies-4251061036,General Hiring,2025-06-21 20:16:32,False,False
Kala.ai,Moti,Design,"Nicosia, Cyprus",Mid,https://in.linkedin.com/jobs/view/motion-graphic-designer-at-royal-finesse-3221555001,Design Overhaul,2025-06-21 20:16:32,False,False
Kala.ai,Lead Graphic Designer,Design,"Nicosia, Cyprus",Lead,https://pk.linkedin.com/jobs/view/lead-graphic-designer-at-sa-group-4216026459,"Design Overhaul, Leadership Upgrade",2025-06-21 20:16:32,False,False
Kala.ai,Stall Sales And Customer Service Representative,Sales,"Nicosia, Cyprus",Mid,https://np.linkedin.com/jobs/view/stall-sales-and-customer-service-representative-at-masta-kala-4083096501,Go-To-Market Expansion,2025-06-21 20:16:32,False,False
Kala.ai,Senior Customer Success Officer,CSM,"Nicosia, Cyprus",Senior,https://np.linkedin.com/jobs/view/senior-customer-success-officer-hybrid-at-right-jobs-3935061767,General Hiring,2025-06-21 20:16:32,False,False
Kala.ai,Customer Success Officer,CSM,"Nicosia, Cyprus",Mid,https://np.linkedin.com/jobs/view/customer-success-officer-at-veda-app-%E0%A4%B5%E0%A5%87%E0%A4%A6-4228129423,General Hiring,2025-06-21 20:16:32,False,False
Kala.ai,Stall Sales And Customer Service Representative,Sales,"Nicosia, Cyprus",Mid,https://np.linkedin.com/jobs/view/stall-sales-and-customer-service-representative-at-masta-kala-4245416847,Go-To-Market Expansion,2025-06-21 20:16:32,False,False
Kala.ai,Admissions Counselor Sr Ii,Other,"Nicosia, Cyprus",Mid,https://www.linkedin.com/jobs/view/admissions-counselor-i-admissions-counselor-sr-ii-california-at-oklahoma-state-university-4252573565,General Hiring,2025-06-21 20:16:32,False,False
Kala.ai,Adjudicator,Other,"Nicosia, Cyprus",Mid,https://www.linkedin.com/jobs/view/adjudicator-at-state-of-north-carolina-4237267997,General Hiring,2025-06-21 20:16:32,False,False
Kala.ai,Sales Manager,Sales,"Nicosia, Cyprus",Mid,https://be.linkedin.com/jobs/view/sales-manager-for-hr-intranet-powered-by-ai-at-kala-3997316922,"Leadership Upgrade, Go-To-Market Expansion",2025-06-21 20:16:32,False,False
Kala.ai,Social Media Intern,Other,"Nicosia, Cyprus",Intern,https://www.linkedin.com/jobs/view/social-media-intern-at-kala-brand-music-4230651573,General Hiring,2025-06-21 20:16:32,False,False
Kala.ai,Data Analyst,Data,"Nicosia, Cyprus",Mid,https://www.linkedin.com/jobs/view/data-analyst-at-kala-solutions-com-4176431894,General Hiring,2025-06-21 20:16:32,False,False
Kala.ai,Marketing Partner,Marketing,"Nicosia, Cyprus",Mid,https://in.linkedin.com/jobs/view/marketing-partner-at-saundhya-kala-foundation-4159049200,General Hiring,2025-06-21 20:16:32,False,False
Kala.ai,Inside Sales Representative,Sales,"Nicosia, Cyprus",Mid,https://www.linkedin.com/jobs/view/inside-sales-representative-%E2%80%93-toy-education-market-at-kala-brand-music-205280058,Go-To-Market Expansion,2025-06-21 20:16:32,False,False
Kala.ai,Operations Analyst,Data,"Nicosia, Cyprus",Mid,https://in.linkedin.com/jobs/view/operations-analyst-at-travclan-4156975495?refId=1bGmG5SLEHcbuUgU9xaKhw%3D%3D&trackingId=HDi7uwTFYGCURyqycnTAJQ%3D%3D&position=2&pageNum=0,General Hiring,2025-06-21 20:16:32,False,False
Kala.ai,Project Architect,Other,"Nicosia, Cyprus",Mid,https://www.linkedin.com/jobs/view/project-architect-at-actalent-4252532219,General Hiring,2025-06-21 20:16:32,False,False
Kala.ai,Project Architect,Design,"Nicosia, Cyprus",Mid,https://www.linkedin.com/jobs/view/project-architect-at-helix-architecture-%2B-design-4250719558,General Hiring,2025-06-21 20:16:32,False,False
Kala.ai,Kala No Limits Rbt,Other,"Nicosia, Cyprus",Mid,https://www.linkedin.com/jobs/view/kala-no-limits-rbt-at-advance-kids-inc-4240230451,General Hiring,2025-06-21 20:16:32,False,False
Kala.ai,Human Resources Assistant Iii,Other,"Nicosia, Cyprus",Mid,https://www.linkedin.com/jobs/view/human-resources-assistant-iii-oahu-at-state-of-hawai%CA%BBi-4236633713,General Hiring,2025-06-21 20:16:32,False,False
Kala.ai,Custodian Full-Time Aiea,Design,"Nicosia, Cyprus",Mid,https://www.linkedin.com/jobs/view/custodian-full-time-aiea-oahu-at-hawaiian-building-maintenance-4240162292,General Hiring,2025-06-21 20:16:32,False,False
Kala.ai,Grocery Team Member Stocker Inventory Floor Service,Other,"Nicosia, Cyprus",Mid,https://www.linkedin.com/jobs/view/grocery-team-member-stocker-inventory-floor-service-customer-service-part-time-at-whole-foods-market-4244467450,General Hiring,2025-06-21 20:16:32,False,False
Kala.ai,Administrative Clerk With Dod Security,Other,"Nicosia, Cyprus",Mid,https://www.linkedin.com/jobs/view/administrative-clerk-general-clerk-ii-with-dod-security-clearance-at-hire-our-heroes-veteran-job-board-4250250254,General Hiring,2025-06-21 20:16:32,False,False
Kala.ai,Administrative Support Specialist,Support,"Nicosia, Cyprus",Mid,https://www.linkedin.com/jobs/view/administrative-support-specialist-at-kala-solutions-com-4171499355,General Hiring,2025-06-21 20:16:32,False,False
Kala.ai,Civil And Structural Practice Lead,Other,"Nicosia, Cyprus",Lead,https://www.linkedin.com/jobs/view/civil-and-structural-practice-lead-at-jacobs-4232747419,Leadership Upgrade,2025-06-21 20:16:32,False,False
Kala.ai,Senior Design Project Manager,Design,"Nicosia, Cyprus",Senior,https://www.linkedin.com/jobs/view/senior-design-project-manager-at-mammoth-3908810708,Leadership Upgrade,2025-06-21 20:16:32,False,False
Kala.ai,Technical Program Manager,Other,"Nicosia, Cyprus",Mid,https://sg.linkedin.com/jobs/view/technical-program-manager-r-d-at-kla-4004981308,Leadership Upgrade,2025-06-21 20:16:32,False,False
Kala.ai,Senior Design Build Project Manager,Design,"Nicosia, Cyprus",Senior,https://www.linkedin.com/jobs/view/senior-design-build-project-manager-at-wilson-company-inc-engineers-and-architects-4205019886,Leadership Upgrade,2025-06-21 20:16:32,False,False
Razorpay,Senior Product Manager,Product,"Bangalore, India",Senior,https://in.linkedin.com/jobs/view/senior-product-manager-at-razorpay-4245896954,"Leadership Upgrade, New Product Initiative",2025-06-21 20:16:32,False,True
Razorpay,Product Manager Ii,Product,"Bangalore, India",Mid,https://in.linkedin.com/jobs/view/product-manager-ii-at-razorpay-4204758990,"Leadership Upgrade, New Product Initiative",2025-06-21 20:16:32,False,True
Razorpay,Senior Product Manager,Product,"Bangalore, India",Senior,https://in.linkedin.com/jobs/view/senior-product-manager-at-razorpay-4237620937,"Leadership Upgrade, New Product Initiative",2025-06-21 20:16:32,False,True
Razorpay,Product Manager Ii,Product,"Bangalore, India",Mid,https://in.linkedin.com/jobs/view/product-manager-ii-at-razorpay-4210902225,"Leadership Upgrade, New Product Initiative",2025-06-21 20:16:32,False,True
Razorpay,Senior Associate,Product,"Bangalore, India",Junior,https://in.linkedin.com/jobs/view/senior-associate-business-development-at-razorpay-4250812475,General Hiring,2025-06-21 20:16:32,False,True
Razorpay,Sales Manager,Sales,"Bangalore, India",Mid,https://sg.linkedin.com/jobs/view/sales-manager-at-razorpay-4224476299,"Leadership Upgrade, Go-To-Market Expansion",2025-06-21 20:16:32,False,False
Razorpay,Senior Manager,Sales,"Bangalore, India",Senior,https://in.linkedin.com/jobs/view/senior-manager-enterprise-sales-at-razorpay-4210901291,"Leadership Upgrade, Go-To-Market Expansion",2025-06-21 20:16:32,False,False
Razorpay,Associate Manager,Sales,"Bangalore, India",Junior,https://in.linkedin.com/jobs/view/associate-manager-sales-strategy-at-razorpay-4195560504,"Leadership Upgrade, Go-To-Market Expansion",2025-06-21 20:16:32,False,False
Razorpay,Inside Sales Associate,Sales,"Bangalore, India",Junior,https://www.linkedin.com/jobs/view/3930441252/,Go-To-Market Expansion,2025-06-21 20:16:32,False,False
Razorpay,Senior Software Development Engineer,Engineering,"Bangalore, India",Senior,https://in.linkedin.com/jobs/view/senior-software-development-engineer-at-razorpay-4251617042,General Hiring,2025-06-21 20:16:32,False,False
Razorpay,Software Development Engineer,Engineering,"Bangalore, India",Mid,https://in.linkedin.com/jobs/view/software-development-engineer-in-test-at-razorpay-4138759887,General Hiring,2025-06-21 20:16:32,False,False
Razorpay,Software Development Engineer,Engineering,"Bangalore, India",Mid,https://in.linkedin.com/jobs/view/software-development-engineer-android-sdk-at-razorpay-4239272660,General Hiring,2025-06-21 20:16:32,False,False
Razorpay,Staff Software Development Engineer,Engineering,"Bangalore, India",Mid,https://in.linkedin.com/jobs/view/staff-software-development-engineer-at-razorpay-4138969675,General Hiring,2025-06-21 20:16:32,False,False
Razorpay,Staff Software Development Engineer,Engineering,"Bangalore, India",Mid,https://in.linkedin.com/jobs/view/staff-software-development-engineer-at-razorpay-4236571953,General Hiring,2025-06-21 20:16:32,False,False
Razorpay,Senior Software Development Engineer,Engineering,"Bangalore, India",Senior,https://in.linkedin.com/jobs/view/senior-software-development-engineer-in-test-at-razorpay-4233415163,General Hiring,2025-06-21 20:16:32,False,False
Razorpay,Product Designer I,Design,"Bangalore, India",Mid,https://in.linkedin.com/jobs/view/product-designer-i-at-razorpay-4242567086,"Design Overhaul, New Product Initiative",2025-06-21 20:16:32,False,True
Razorpay,Senior Product Designer,Design,"Bangalore, India",Senior,https://in.linkedin.com/jobs/view/senior-product-designer-at-razorpay-4210902226,"Design Overhaul, New Product Initiative",2025-06-21 20:16:32,False,True
Razorpay,Product Designer Ii,Design,"Bangalore, India",Mid,https://in.linkedin.com/jobs/view/product-designer-ii-at-razorpay-4238106379?refId=Z2uRZFN8%2Bzi8AB2LWrYsZg%3D%3D&trackingId=KaxWcD8G0doxwAFYWU1WaA%3D%3D&position=19&pageNum=0,"Design Overhaul, New Product Initiative",2025-06-21 20:16:32,False,True
Razorpay,Customer Success Executive,CSM,"Bangalore, India",Mid,https://my.linkedin.com/jobs/view/customer-success-executive-at-curlec-by-razorpay-4160831018,General Hiring,2025-06-21 20:16:32,False,False
Razorpay,Associate Manager New Initiatives Client Success,Other,"Bangalore, India",Junior,https://in.linkedin.com/jobs/view/associate-manager-new-initiatives-client-success-at-razorpay-4251615252,Leadership Upgrade,2025-06-21 20:16:32,False,False
Razorpay,Associate New Initiatives Client Success,Other,"Bangalore, India",Junior,https://in.linkedin.com/jobs/view/associate-new-initiatives-client-success-at-razorpay-4186995618,General Hiring,2025-06-21 20:16:32,False,False
Razorpay,Associate Manager,Other,"Bangalore, India",Junior,https://in.linkedin.com/jobs/view/associate-manager-new-initiatives-client-success-at-razorpay-4117294557,Leadership Upgrade,2025-06-21 20:16:32,False,False
Razorpay,Technical Account Manager,Other,"Bangalore, India",Mid,https://in.linkedin.com/jobs/view/technical-account-manager-at-razorpay-4226785383,Leadership Upgrade,2025-06-21 20:16:32,False,False
Razorpay,Manager,Marketing,"Bangalore, India",Mid,https://in.linkedin.com/jobs/view/manager-events-marketing-at-razorpay-4189620569,Leadership Upgrade,2025-06-21 20:16:32,False,False
Razorpay,Head Of Marketing,Marketing,"Bangalore, India",Mid,https://my.linkedin.com/jobs/view/head-of-marketing-sea-at-curlec-by-razorpay-4211500657,General Hiring,2025-06-21 20:16:32,False,False
Razorpay,Razorpay,Marketing,"Bangalore, India",Mid,https://in.linkedin.com/jobs/view/razorpay-manager-product-marketing-5-10-yrs-bangalore-at-razorpay-207288111,"Leadership Upgrade, New Product Initiative",2025-06-21 20:16:32,False,False
Razorpay,Senior Manager Social Media,Other,"Bangalore, India",Senior,https://in.linkedin.com/jobs/view/senior-manager-social-media-at-razorpay-4172806086,Leadership Upgrade,2025-06-21 20:16:32,False,False
Razorpay,Associate Manager,Marketing,"Bangalore, India",Junior,https://in.linkedin.com/jobs/view/associate-manager-marketing-at-razorpay-4172341635,Leadership Upgrade,2025-06-21 20:16:32,False,False
Razorpay,Campaign Management,Sales,"Bangalore, India",Mid,https://in.linkedin.com/jobs/view/manager-campaign-management-ad-sales-at-razorpay-4200136297,Go-To-Market Expansion,2025-06-21 20:16:32,False,False
Razorpay,Data Analyst,Data,"Bangalore, India",Mid,https://in.linkedin.com/jobs/view/data-analyst-business-finance-at-razorpay-4245342978,General Hiring,2025-06-21 20:16:32,False,False
Razorpay,Senior Analytics Specialist,Other,"Bangalore, India",Senior,https://in.linkedin.com/jobs/view/senior-analytics-specialist-at-razorpay-4253098096,General Hiring,2025-06-21 20:16:32,False,False
Razorpay,Manager,Other,"Bangalore, India",Mid,https://in.linkedin.com/jobs/view/manager-cross-border-at-razorpay-4252509436,Leadership Upgrade,2025-06-21 20:16:32,False,False
Razorpay,Director,Other,"Bangalore, India",Director,https://in.linkedin.com/jobs/view/director-solutions-consulting-at-razorpay-4219338200,Leadership Upgrade,2025-06-21 20:16:32,False,False
Razorpay,Director,Other,"Bangalore, India",Director,https://in.linkedin.com/jobs/view/director-business-management-at-razorpay-4108548131,Leadership Upgrade,2025-06-21 20:16:32,False,False
Razorpay,Manager,Product,"Bangalore, India",Mid,https://in.linkedin.com/jobs/view/manager-learning-development-at-razorpay-4210901288,Leadership Upgrade,2025-06-21 20:16:32,False,True
Razorpay,Senior Associate Talent Partner,Other,"Bangalore, India",Junior,https://in.linkedin.com/jobs/view/senior-associate-talent-partner-at-razorpay-4172073574,General Hiring,2025-06-21 20:16:32,False,False
Razorpay,Lead Software Development Engineer,Engineering,"Bangalore, India",Lead,https://in.linkedin.com/jobs/view/lead-software-development-engineer-at-razorpay-4247784802,Leadership Upgrade,2025-06-21 20:16:32,False,False
Razorpay,Lead Solutions Engineer,Engineering,"Bangalore, India",Lead,https://in.linkedin.com/jobs/view/lead-solutions-engineer-at-razorpay-4225981914,Leadership Upgrade,2025-06-21 20:16:32,False,False
Razorpay,Lead Devops Engineer,Engineering,"Bangalore, India",Lead,https://in.linkedin.com/jobs/view/lead-devops-engineer-at-razorpay-4150025968,Leadership Upgrade,2025-06-21 20:16:32,False,False
Razorpay,Director Senior Director Engineering,Engineering,"Bangalore, India",Senior,https://in.linkedin.com/jobs/view/director-senior-director-engineering-at-razorpay-4229108620,Leadership Upgrade,2025-06-21 20:16:32,False,False
Razorpay,Lead Software Development Engineer,Engineering,"Bangalore, India",Lead,https://in.linkedin.com/jobs/view/lead-software-development-engineer-at-razorpay-4223496918,Leadership Upgrade,2025-06-21 20:16:32,False,False
Razorpay,Engineering Manager,Engineering,"Bangalore, India",Mid,https://in.linkedin.com/jobs/view/engineering-manager-data-platform-at-razorpay-4235095561,Leadership Upgrade,2025-06-21 20:16:32,False,False
Razorpay,Senior Engineering Manager,Engineering,"Bangalore, India",Senior,https://in.linkedin.com/jobs/view/senior-engineering-manager-at-razorpay-4204368864,Leadership Upgrade,2025-06-21 20:16:32,False,False
BrowserStack,Principal Product Manager,Product,"Mumbai, India",Lead,https://in.linkedin.com/jobs/view/principal-product-manager-at-browserstack-4151316170,"Leadership Upgrade, New Product Initiative",2025-06-21 20:16:32,False,True
BrowserStack,Senior Product Manager,Product,"Mumbai, India",Senior,https://in.linkedin.com/jobs/view/193894309,"Leadership Upgrade, New Product Initiative",2025-06-21 20:16:32,False,True
BrowserStack,Product Manager,Product,"Mumbai, India",Mid,https://in.linkedin.com/jobs/view/product-manager-at-browserstack-195583981,"Leadership Upgrade, New Product Initiative",2025-06-21 20:16:32,False,True
BrowserStack,Developer Advocate,Engineering,"Mumbai, India",Mid,https://www.linkedin.com/jobs/view/developer-advocate-at-browserstack-4206626989,General Hiring,2025-06-21 20:16:32,False,False
BrowserStack,Senior Product Designer,Design,"Mumbai, India",Senior,https://in.linkedin.com/jobs/view/senior-product-designer-at-browserstack-4194773701,"Design Overhaul, New Product Initiative",2025-06-21 20:16:32,False,True
BrowserStack,Associate Technical Program Manager,Other,"Mumbai, India",Junior,https://in.linkedin.com/jobs/view/associate-technical-program-manager-at-browserstack-4130151525,Leadership Upgrade,2025-06-21 20:16:32,False,False
BrowserStack,Manager,Sales,"Mumbai, India",Mid,https://www.linkedin.com/jobs/view/manager-enterprise-sales-at-browserstack-4202605361,"Leadership Upgrade, Go-To-Market Expansion",2025-06-21 20:16:32,False,False
BrowserStack,Business Development Representative,Product,"Mumbai, India",Mid,https://in.linkedin.com/jobs/view/business-development-representative-at-browserstack-4211431609,General Hiring,2025-06-21 20:16:32,False,True
BrowserStack,Enterprise Account Executive,Other,"Mumbai, India",Mid,https://www.linkedin.com/jobs/view/enterprise-account-executive-at-browserstack-4202605360,General Hiring,2025-06-21 20:16:32,False,False
BrowserStack,Lead,Sales,"Mumbai, India",Lead,https://in.linkedin.com/jobs/view/lead-sales-enablement-at-browserstack-4176724589,"Leadership Upgrade, Go-To-Market Expansion",2025-06-21 20:16:32,False,False
BrowserStack,Business Development Representative Remote,Product,"Mumbai, India",Mid,https://in.linkedin.com/jobs/view/business-development-representative-remote-pune-at-browserstack-4239393236,General Hiring,2025-06-21 20:16:32,True,True
BrowserStack,Team Lead,Product,"Mumbai, India",Lead,https://in.linkedin.com/jobs/view/team-lead-business-development-at-browserstack-4206129687,Leadership Upgrade,2025-06-21 20:16:32,False,True
BrowserStack,User Experience Interface Designer In,Design,"Mumbai, India",Mid,https://in.linkedin.com/jobs/view/user-experience-interface-designer-at-browserstack-151272002,Design Overhaul,2025-06-21 20:16:32,False,False
BrowserStack,Lead Product Designer,Design,"Mumbai, India",Lead,https://in.linkedin.com/jobs/view/lead-product-designer-mumbai-remote-at-browserstack-4230072820,"Leadership Upgrade, Design Overhaul, New Product Initiative",2025-06-21 20:16:32,False,True
BrowserStack,Ux Designer,Design,"Mumbai, India",Mid,https://www.linkedin.com/jobs/view/ux-designer-at-assuranceamerica-4121866090,Design Overhaul,2025-06-21 20:16:32,False,False
BrowserStack,Head Of Design,Design,"Mumbai, India",Mid,https://in.linkedin.com/jobs/view/head-of-design-at-browserstack-139106749,General Hiring,2025-06-21 20:16:32,False,False
BrowserStack,Lead Product Designer,Design,"Mumbai, India",Lead,https://in.linkedin.com/jobs/view/lead-product-designer-at-browserstack-4198000201,"Leadership Upgrade, Design Overhaul, New Product Initiative",2025-06-21 20:16:32,False,True
BrowserStack,Ui Ux Tester,Design,"Mumbai, India",Mid,https://www.linkedin.com/jobs/view/ui-ux-tester-at-micro1-4250629735,General Hiring,2025-06-21 20:16:32,False,False
BrowserStack,Customer Success,CSM,"Mumbai, India",Mid,https://in.linkedin.com/jobs/view/customer-success-at-browserstack-193892694,General Hiring,2025-06-21 20:16:32,False,False
BrowserStack,Customer Engineer,Engineering,"Mumbai, India",Mid,https://www.linkedin.com/jobs/view/customer-engineer-at-browserstack-4202604422,General Hiring,2025-06-21 20:16:32,False,False
BrowserStack,Customer Engineer,Engineering,"Mumbai, India",Mid,https://www.linkedin.com/jobs/view/customer-engineer-at-browserstack-4202607141,General Hiring,2025-06-21 20:16:32,False,False
BrowserStack,Customer Success Lead Remote,CSM,"Mumbai, India",Lead,https://in.linkedin.com/jobs/view/customer-success-lead-remote-bangalore-hyderabad-at-browserstack-4211728478,Leadership Upgrade,2025-06-21 20:16:32,False,False
BrowserStack,Customer Success Lead,CSM,"Mumbai, India",Lead,https://in.linkedin.com/jobs/view/customer-success-lead-at-browserstack-4236643671,Leadership Upgrade,2025-06-21 20:16:32,False,False
BrowserStack,Associate,Marketing,"Mumbai, India",Junior,https://in.linkedin.com/jobs/view/associate-marketing-analytics-operations-at-browserstack-4086792197,General Hiring,2025-06-21 20:16:32,False,False
BrowserStack,Growth Marketing Strategy,Marketing,"Mumbai, India",Mid,https://in.linkedin.com/jobs/view/growth-marketing-strategy-remote-mumbai-at-browserstack-4206630579,General Hiring,2025-06-21 20:16:32,False,False
BrowserStack,Lead,Marketing,"Mumbai, India",Lead,https://in.linkedin.com/jobs/view/lead-performance-marketing-at-browserstack-4209862965,Leadership Upgrade,2025-06-21 20:16:32,False,False
BrowserStack,Revenue Marketing Remote,Marketing,"Mumbai, India",Mid,https://in.linkedin.com/jobs/view/lead-revenue-marketing-remote-mumbai-at-browserstack-4235529429,General Hiring,2025-06-21 20:16:32,False,False
BrowserStack,Lead,Engineering,"Mumbai, India",Lead,https://in.linkedin.com/jobs/view/lead-developer-marketing-at-browserstack-4186073015,Leadership Upgrade,2025-06-21 20:16:32,False,False
BrowserStack,Lead,Other,"Mumbai, India",Lead,https://in.linkedin.com/jobs/view/lead-global-reporting-at-browserstack-4182357410,Leadership Upgrade,2025-06-21 20:16:32,False,False
BrowserStack,,Engineering,"Mumbai, India",Mid,https://in.linkedin.com/jobs/view/recruiter-engineering-hiring-contract-at-browserstack-4144117928,General Hiring,2025-06-21 20:16:32,False,False
BrowserStack,Recruiter,Engineering,"Mumbai, India",Mid,https://in.linkedin.com/jobs/view/recruiter-engineering-at-browserstack-4158198291,General Hiring,2025-06-21 20:16:32,False,False
BrowserStack,Engineering Manager,Engineering,"Mumbai, India",Mid,https://in.linkedin.com/jobs/view/engineering-manager-at-browserstack-3935082250,Leadership Upgrade,2025-06-21 20:16:32,False,False
BrowserStack,Enterprise Account Executive,Other,"Mumbai, India",Mid,https://www.linkedin.com/jobs/view/enterprise-account-executive-at-browserstack-4247477769,General Hiring,2025-06-21 20:16:32,False,False
BrowserStack,Global Manager,Other,"Mumbai, India",Mid,https://in.linkedin.com/jobs/view/global-manager-consolidation-reporting-at-browserstack-4224446943,Leadership Upgrade,2025-06-21 20:16:32,False,False
BrowserStack,Manager,Other,"Mumbai, India",Mid,https://in.linkedin.com/jobs/view/manager-people-culture-at-browserstack-4226127551,Leadership Upgrade,2025-06-21 20:16:32,False,False
BrowserStack,Customer Engineering,Engineering,"Mumbai, India",Mid,https://in.linkedin.com/jobs/view/technical-lead-customer-engineering-automation-testing-selenium-pre-sales-post-sales-remote-ncr-bengaluru-at-browserstack-4191419847,General Hiring,2025-06-21 20:16:32,False,False
BrowserStack,Solutions Engineering Automati,Engineering,"Mumbai, India",Mid,https://in.linkedin.com/jobs/view/customer-engineering-manager-solutions-engineering-pre-post-sales-automation-testing-selenium-at-browserstack-4213199965,Go-To-Market Expansion,2025-06-21 20:16:32,False,False
Meesho,Senior Product Manager,Product,"Bangalore, India",Senior,https://in.linkedin.com/jobs/view/senior-product-manager-at-meesho-4251659168,"Leadership Upgrade, New Product Initiative",2025-06-21 20:16:32,False,True
Meesho,Product Manager Ii,Product,"Bangalore, India",Mid,https://in.linkedin.com/jobs/view/product-manager-ii-at-meesho-4249670250,"Leadership Upgrade, New Product Initiative",2025-06-21 20:16:32,False,True
Meesho,Associate Product Manager Ii,Product,"Bangalore, India",Junior,https://in.linkedin.com/jobs/view/associate-product-manager-ii-platforms-at-meesho-4139617773,"Leadership Upgrade, New Product Initiative",2025-06-21 20:16:32,False,True
Meesho,Product Manager Ii,Product,"Bangalore, India",Mid,https://in.linkedin.com/jobs/view/product-manager-ii-marketplace-at-meesho-4234287421,"Leadership Upgrade, New Product Initiative",2025-06-21 20:16:32,False,True
Meesho,Product Manager Ii,Product,"Bangalore, India",Mid,https://in.linkedin.com/jobs/view/product-manager-ii-ai-at-meesho-4234086334,"Leadership Upgrade, New Product Initiative",2025-06-21 20:16:32,False,True
Meesho,Group Product Manager,Product,"Bangalore, India",Mid,https://in.linkedin.com/jobs/view/group-product-manager-at-meesho-4243556616,"Leadership Upgrade, New Product Initiative",2025-06-21 20:16:32,False,True
Meesho,Group Product Manager,Product,"Bangalore, India",Mid,https://in.linkedin.com/jobs/view/group-product-manager-at-meesho-4243813353,"Leadership Upgrade, New Product Initiative",2025-06-21 20:16:32,False,True
Meesho,Enterprise Sales Manager,Sales,"Bangalore, India",Mid,https://in.linkedin.com/jobs/view/enterprise-sales-manager-at-meesho-4099099955,"Leadership Upgrade, Go-To-Market Expansion",2025-06-21 20:16:32,False,False
Meesho,Sales Manager,Sales,"Bangalore, India",Mid,https://in.linkedin.com/jobs/view/sales-manager-at-meesho-4099099955,"Leadership Upgrade, Go-To-Market Expansion",2025-06-21 20:16:32,False,False
Meesho,Senior Associate,Sales,"Bangalore, India",Junior,https://in.linkedin.com/jobs/view/senior-associate-ad-sales-at-meesho-4005824765,Go-To-Market Expansion,2025-06-21 20:16:32,False,False
Meesho,Senior Business Manager,Other,"Bangalore, India",Senior,https://in.linkedin.com/jobs/view/senior-business-manager-h-a-at-meesho-4151097735,Leadership Upgrade,2025-06-21 20:16:32,False,False
Meesho,Area Manager,Other,"Bangalore, India",Mid,https://in.linkedin.com/jobs/view/area-manager-at-meesho-4250166441,Leadership Upgrade,2025-06-21 20:16:32,False,False
Meesho,Cluster Head,Other,"Bangalore, India",Mid,https://in.linkedin.com/jobs/view/cluster-head-consolidation-at-meesho-4247467562,General Hiring,2025-06-21 20:16:32,False,False
Meesho,Software Development Engineer Ii,Engineering,"Bangalore, India",Mid,https://in.linkedin.com/jobs/view/software-development-engineer-ii-devops-at-meesho-3919092388,General Hiring,2025-06-21 20:16:32,False,False
Meesho,Software Development Engineer Iv Android,Engineering,"Bangalore, India",Mid,https://in.linkedin.com/jobs/view/software-development-engineer-iv-android-at-meesho-4249837883,General Hiring,2025-06-21 20:16:32,False,False
Meesho,Software Development Engineer Iii,Engineering,"Bangalore, India",Mid,https://in.linkedin.com/jobs/view/software-development-engineer-iii-frontend-at-meesho-4202614214,General Hiring,2025-06-21 20:16:32,False,False
Meesho,Software Development Engineer,Engineering,"Bangalore, India",Mid,https://in.linkedin.com/jobs/view/software-development-engineer-iv-backend-at-meesho-4090630785,General Hiring,2025-06-21 20:16:32,False,False
Meesho,Software Development Engineer Ii Android,Engineering,"Bangalore, India",Mid,https://in.linkedin.com/jobs/view/software-development-engineer-ii-android-at-meesho-4071984031,General Hiring,2025-06-21 20:16:32,False,False
Meesho,Software Development Engineer Iii -Backend,Engineering,"Bangalore, India",Mid,https://in.linkedin.com/jobs/view/software-development-engineer-iii-backend-at-meesho-4080964426,General Hiring,2025-06-21 20:16:32,False,False
Meesho,Software Development Engineer,Engineering,"Bangalore, India",Mid,https://in.linkedin.com/jobs/view/software-development-engineer-trainee-at-teknuova-4168216932,General Hiring,2025-06-21 20:16:32,False,False
