company_name,job_title,department,location,seniority,job_url,timestamp,role_function,Leadership Upgrade,New Product Initiative,Engineering Buildout,Design Overhaul,Go-To-Market Expansion,General Hiring
Chargebee,Product Marketing Manager,Marketing,Remote,Mid-level,https://www.linkedin.com/jobs/view/product-marketing-manager-at-chargebee-4236023473,2025-06-21 20:50:47,Product Management,1,1,0,0,0,0
Chargebee,Staff Product Manager,Product,Remote,Mid-level,https://in.linkedin.com/jobs/view/staff-product-manager-at-chargebee-4243602661,2025-06-21 20:50:47,Product Management,1,1,0,0,0,0
Chargebee,Large Enterprise Program Manager,Other,Remote,Mid-level,https://www.linkedin.com/jobs/view/large-enterprise-program-manager-at-chargebee-4239605424,2025-06-21 20:50:47,Other,1,0,0,0,0,0
Chargebee,Product Marketing Manager -Saas,Marketing,Remote,Mid-level,https://in.linkedin.com/jobs/view/product-marketing-manager-saas-at-chargebee-4248768858,2025-06-21 20:50:47,Product Management,1,1,0,0,0,0
Chargebee,Product Marketing Manager,Marketing,Remote,Mid-level,https://in.linkedin.com/jobs/view/product-marketing-manager-revenue-recognition-at-chargebee-4247319646,2025-06-21 20:50:47,Product Management,1,1,0,0,0,0
Chargebee,Business Development Representative,Product,Remote,Mid-level,https://www.linkedin.com/jobs/view/business-development-representative-at-chargebee-4208315795,2025-06-21 20:50:47,Other,0,0,0,0,0,1
Chargebee,Business Development Representative,Product,Empowers Businesses To Streamline Their Subscription Billing Operations And,Mid-level,https://ie.linkedin.com/jobs/view/business-development-representative-at-chargebee-3920389733,2025-06-21 20:50:47,Other,0,0,0,0,0,1
Chargebee,Business Development Representative Emea,Product,Remote,Mid-level,https://in.linkedin.com/jobs/view/business-development-representative-emea-at-chargebee-4217444510,2025-06-21 20:50:47,Other,0,0,0,0,0,1
Chargebee,Enterprise Business Development Representative,Product,Remote,Mid-level,https://ie.linkedin.com/jobs/view/enterprise-business-development-representative-at-chargebee-4050293110,2025-06-21 20:50:47,Other,0,0,0,0,0,1
Chargebee,Enterprise Account Executive,Other,Remote,Mid-level,https://www.linkedin.com/jobs/view/enterprise-account-executive-at-chargebee-4159002587?refId=tOoR%2B2wMXB4BiKb65mRzCA%3D%3D&trackingId=ovFGcMQ8ZdyVM7AyC4EGtw%3D%3D,2025-06-21 20:50:47,Sales,0,0,0,0,0,1
Chargebee,Software Engineer Backend,Engineering,Remote,Mid-level,https://in.linkedin.com/jobs/view/software-engineer-backend-at-chargebee-4252795952,2025-06-21 20:50:47,Engineering,0,0,1,0,0,0
Chargebee,Senior Software Engineer,Engineering,Remote,Senior,https://in.linkedin.com/jobs/view/senior-software-engineer-cloud-infrastructure-at-chargebee-4249333466,2025-06-21 20:50:47,Engineering,0,0,1,0,0,0
Chargebee,Lead Software Engineer,Engineering,Our Team As A Lead Software Engineer And Help Transform How Businesses Engage With Their Customers Through Our Innovative Subscription,Lead,https://in.linkedin.com/jobs/view/lead-software-engineer-at-chargebee-4250572150,2025-06-21 20:50:47,Engineering,1,0,1,0,0,0
Chargebee,Software Engineer,Engineering,Remote,Mid-level,https://in.linkedin.com/jobs/view/software-engineer-at-chargebee-4245679016,2025-06-21 20:50:47,Engineering,0,0,1,0,0,0
Chargebee,Staff Product Designer,Design,Remote,Mid-level,https://in.linkedin.com/jobs/view/staff-product-designer-at-chargebee-4248586460,2025-06-21 20:50:47,Design,0,1,0,1,0,0
Chargebee,"Senior Director, Design & Research",Design,Automates Revenue Operations For High,Senior,https://www.linkedin.com/jobs/view/senior-director-design-research-at-chargebee-4081314653,2025-06-21 20:50:47,Other,1,0,0,0,0,0
Chargebee,"Lead, Ux Product Designer",Design,Remote,Lead,https://www.linkedin.com/jobs/view/lead-ux-product-designer-at-deloitte-4245935416,2025-06-21 20:50:47,Design,1,1,0,1,0,0
Chargebee,User Interaction/User Experience Designer,Design,Remote,Mid-level,https://www.linkedin.com/jobs/view/user-interaction-user-experience-ui-ux-designer-at-m-s-consulting-4233444269,2025-06-21 20:50:47,Design,0,0,0,1,0,0
Chargebee,Front End Engineer,Engineering,Remote,Mid-level,https://in.linkedin.com/jobs/view/188171756,2025-06-21 20:50:47,Engineering,0,0,0,0,0,1
Chargebee,Senior Lead Software Engineer,Engineering,Remote,Senior,https://in.linkedin.com/jobs/view/senior-lead-software-engineer-at-chargebee-4212698827,2025-06-21 20:50:47,Engineering,1,0,1,0,0,0
Chargebee,Customer Success Manager,Customer Success,Remote,Mid-level,https://ie.linkedin.com/jobs/view/customer-success-manager-at-chargebee-4213549553,2025-06-21 20:50:47,Customer Success,1,0,0,0,0,0
Chargebee,Global Head Of Customer Operations ..,Other,Remote,Mid-level,https://www.linkedin.com/jobs/view/3829486346,2025-06-21 20:50:47,Other,0,0,0,0,0,1
Chargebee,Customer Success Manager (Work,Customer Success,Remote,Mid-level,https://www.linkedin.com/jobs/view/customer-success-manager-work-from-home-at-persona-4225876206,2025-06-21 20:50:47,Customer Success,1,0,0,0,0,0
Chargebee,Soluti,Other,Remote,Mid-level,https://www.linkedin.com/jobs/view/solution-specialist-growth-retention-at-chargebee-4074404203,2025-06-21 20:50:47,Other,0,0,0,0,0,1
Chargebee,Customer Success Manager,Customer Success,Remote,Mid-level,https://www.linkedin.com/jobs/view/3843730546,2025-06-21 20:50:47,Customer Success,1,0,0,0,0,0
Chargebee,Customer Success Manager,Customer Success,Remote,Mid-level,https://www.linkedin.com/jobs/view/3767433410/,2025-06-21 20:50:47,Customer Success,1,0,0,0,0,0
Chargebee,"Director, Soluti",Marketing,Remote,Director,https://www.linkedin.com/jobs/view/director-solution-marketing-at-chargebee-3747957879,2025-06-21 20:50:47,Marketing,1,0,0,0,0,0
Chargebee,Senior Director Of Marketing Operations,Marketing,Remote,Senior,https://ie.linkedin.com/jobs/view/senior-director-of-marketing-operations-at-chargebee-4041617020,2025-06-21 20:50:47,Marketing,1,0,0,0,0,0
Chargebee,Field Marketing Manager,Marketing,Remote,Mid-level,https://ie.linkedin.com/jobs/view/field-marketing-manager-at-chargebee-3884270144,2025-06-21 20:50:47,Marketing,1,0,0,0,0,0
Chargebee,Data Analyst,Data,Remote,Mid-level,https://in.linkedin.com/jobs/view/data-analyst-at-chargebee-188170298,2025-06-21 20:50:47,Data Science,0,0,0,0,0,1
Chargebee,Data Analyst  ..,Data,Remote,Mid-level,https://www.linkedin.com/jobs/view/data-analyst-remote-graveyard-at-anytime-mailbox-4198214226,2025-06-21 20:50:47,Data Science,0,0,0,0,0,1
Chargebee,Senior Business System Analyst,Data,Remote,Senior,https://in.linkedin.com/jobs/view/senior-business-system-analyst-at-chargebee-4251178285,2025-06-21 20:50:47,Other,0,0,0,0,0,1
Chargebee,Data Scientist,Data,Remote,Mid-level,https://in.linkedin.com/jobs/view/data-scientist-at-chargebee-4246254134,2025-06-21 20:50:47,Data Science,0,0,0,0,0,1
Chargebee,Large Enterprise Program Manager,Other,Remote,Mid-level,https://www.linkedin.com/jobs/view/large-enterprise-program-manager-at-chargebee-4220225801,2025-06-21 20:50:47,Other,1,0,0,0,0,0
Chargebee,Learning And Development Manager,Product,Remote,Mid-level,https://in.linkedin.com/jobs/view/learning-and-development-manager-at-chargebee-4220976643,2025-06-21 20:50:47,Other,1,0,0,0,0,0
Chargebee,Global People Operati,Other,Remote,Mid-level,https://in.linkedin.com/jobs/view/global-people-operation-manager-at-chargebee-4194875486,2025-06-21 20:50:47,Other,1,0,0,0,0,0
Chargebee,"Business Recruiter: Customer Experience, Ops, G&A ..",Design,Remote,Mid-level,https://www.linkedin.com/jobs/view/business-recruiter-customer-experience-ops-g-a-contract-at-rippling-4243029061,2025-06-21 20:50:47,Design,0,0,0,0,0,1
Chargebee,Lead Performance Testing Engineer,Engineering,Remote,Lead,https://in.linkedin.com/jobs/view/lead-performance-testing-engineer-at-chargebee-4248737009,2025-06-21 20:50:47,Engineering,1,0,0,0,0,0
Chargebee,Lead Performance Testing Engineer,Engineering,Remote,Lead,https://in.linkedin.com/jobs/view/lead-performance-testing-engineer-at-chargebee-4227379783,2025-06-21 20:50:47,Engineering,1,0,0,0,0,0
Chargebee,"Senior Manager, Gtm Systems",Other,Remote,Senior,https://www.linkedin.com/jobs/view/senior-manager-gtm-systems-at-chargebee-4159006145,2025-06-21 20:50:47,Other,1,0,0,0,0,0
Chargebee,Lead Full Stack Engineer,Engineering,Remote,Lead,https://in.linkedin.com/jobs/view/lead-full-stack-engineer-at-chargebee-4229245330,2025-06-21 20:50:47,Engineering,1,0,0,0,0,0
Chargebee,Lead Security Engineer,Engineering,Remote,Lead,https://in.linkedin.com/jobs/view/lead-security-engineer-at-chargebee-4218025908,2025-06-21 20:50:47,Engineering,1,0,0,0,0,0
Plum Insurance,Senior Product Manager,Product,Remote,Senior,https://in.linkedin.com/jobs/view/senior-product-manager-at-plum-4233979349,2025-06-21 20:50:47,Product Management,1,1,0,0,0,0
Plum Insurance,Senior Product Manager,Product,Remote,Senior,https://in.linkedin.com/jobs/view/senior-product-manager-at-plum-4205239403,2025-06-21 20:50:47,Product Management,1,1,0,0,0,0
Plum Insurance,Product Manager Ii,Product,Remote,Mid-level,https://in.linkedin.com/jobs/view/product-manager-ii-at-plum-4205234930,2025-06-21 20:50:47,Product Management,1,1,0,0,0,0
Plum Insurance,Senior Product Marketing Manager,Marketing,Remote,Senior,https://in.linkedin.com/jobs/view/senior-product-marketing-manager-at-plum-4245640035,2025-06-21 20:50:47,Product Management,1,1,0,0,0,0
Plum Insurance,Group Product Manager,Product,Remote,Mid-level,https://uk.linkedin.com/jobs/view/group-product-manager-savings-at-plum-4225520957,2025-06-21 20:50:47,Product Management,1,1,0,0,0,0
Plum Insurance,Sales Leader,Sales,Remote,Lead,https://in.linkedin.com/jobs/view/sales-leader-multiple-locations-at-plum-4218342457,2025-06-21 20:50:47,Sales,1,0,0,0,1,0
Plum Insurance,Account Executive,Other,Remote,Mid-level,https://www.linkedin.com/jobs/view/account-executive-at-plum-commercial-real-estate-lending-4227524557,2025-06-21 20:50:47,Sales,0,0,0,0,0,1
Plum Insurance,"Account Executive, Smb Sales",Sales,Remote,Mid-level,https://in.linkedin.com/jobs/view/account-executive-smb-sales-at-plum-4228243385,2025-06-21 20:50:47,Sales,0,0,0,0,1,0
Plum Insurance,Outside Sales Representative,Sales,Remote,Mid-level,https://www.linkedin.com/jobs/view/outside-sales-representative-at-platinum-supplemental-insurance-inc-4138175322,2025-06-21 20:50:47,Sales,0,0,0,0,1,0
Plum Insurance,"Vp, Voluntary Insurance, Sales & Account Management",Sales,Remote,Vice President,https://www.linkedin.com/jobs/view/vp-voluntary-insurance-sales-account-management-at-ebg-4219381733,2025-06-21 20:50:47,Sales,1,0,0,0,1,0
Plum Insurance,Software Engineer Ii,Engineering,Remote,Mid-level,https://in.linkedin.com/jobs/view/software-engineer-ii-ios-at-plum-4245639149,2025-06-21 20:50:47,Engineering,0,0,1,0,0,0
Plum Insurance,Software Engineer,Engineering,Remote,Mid-level,https://in.linkedin.com/jobs/view/software-engineer-ii-full-stack-at-plum-4053046170,2025-06-21 20:50:47,Engineering,0,0,1,0,0,0
Plum Insurance,Software Engineer,Engineering,Remote,Mid-level,https://in.linkedin.com/jobs/view/software-engineer-ii-backend-at-plum-4082196468,2025-06-21 20:50:47,Engineering,0,0,1,0,0,0
Plum Insurance,Software Engineer,Engineering,Remote,Mid-level,https://in.linkedin.com/jobs/view/software-engineer-iii-frontend-at-plum-4182475157,2025-06-21 20:50:47,Engineering,0,0,1,0,0,0
Plum Insurance,Software Engineer Iii,Engineering,Remote,Mid-level,https://in.linkedin.com/jobs/view/software-engineer-iii-fullstack-at-plum-4175549984,2025-06-21 20:50:47,Engineering,0,0,1,0,0,0
Plum Insurance,97 Plum Jobs,Other,Remote,Mid-level,https://in.linkedin.com/jobs/view/se-ii-ios-at-plum-3709789510,2025-06-21 20:50:47,Other,0,0,0,0,0,1
Plum Insurance,Ux Researcher,Design,Remote,Mid-level,https://www.linkedin.com/jobs/view/4068226565,2025-06-21 20:50:47,Design,0,0,0,0,0,1
Plum Insurance,Senior Product Designer,Design,Our Expanding Design Team In London,Senior,https://uk.linkedin.com/jobs/view/senior-product-designer-ai-at-plum-4093234496,2025-06-21 20:50:47,Design,0,1,0,1,0,0
Plum Insurance,Senior Digital Ux/Ui Designer,Design,Our Team And Work For One Of Our Prestigious Fortune  Clients In Their In,Senior,https://www.linkedin.com/jobs/view/senior-digital-ux-ui-designer-at-tonic3-4223396866,2025-06-21 20:50:47,Design,0,0,0,1,0,0
Plum Insurance,Plum Προσλήψεις Senior Product Designer,Design,Our Expanding Design Team In Athens,Senior,https://gr.linkedin.com/jobs/view/product-designer-at-plum-4065574320,2025-06-21 20:50:47,Design,0,1,0,1,0,0
Plum Insurance,Lead,Other,Remote,Lead,https://in.linkedin.com/jobs/view/lead-web-experiences-at-plum-4188125753,2025-06-21 20:50:47,Other,1,0,0,0,0,0
Plum Insurance,"Customer Success Executive, Endorsements",Customer Success,Remote,Mid-level,https://in.linkedin.com/jobs/view/customer-success-executive-endorsements-at-plum-4223608802,2025-06-21 20:50:47,Customer Success,0,0,0,0,0,1
Plum Insurance,Customer Success Manager,Customer Success,Remote,Mid-level,https://in.linkedin.com/jobs/view/customer-success-manager-at-plum-4194705646,2025-06-21 20:50:47,Customer Success,1,0,0,0,0,0
Plum Insurance,Customer Success Executive,Customer Success,Remote,Mid-level,https://in.linkedin.com/jobs/view/customer-success-executive-at-plum-4247183981,2025-06-21 20:50:47,Customer Success,0,0,0,0,0,1
Plum Insurance,Customer Success Associate ..,Customer Success,Remote,Junior,https://in.linkedin.com/jobs/view/customer-success-associate-at-skill-veda-4192108716,2025-06-21 20:50:47,Customer Success,0,0,0,0,0,1
Plum Insurance,Leasing & Marketing Agent,Marketing,Remote,Mid-level,https://www.linkedin.com/jobs/view/leasing-marketing-agent-the-green-at-plum-creek-at-embrey-4226285925,2025-06-21 20:50:47,Marketing,0,0,0,0,0,1
Plum Insurance,Growth Marketing Manager,Marketing,Remote,Mid-level,https://www.linkedin.com/jobs/view/4068427366/,2025-06-21 20:50:47,Marketing,1,0,0,0,0,0
Plum Insurance,"Marketing Coordinator, Insurance Placement Services",Marketing,Remote,Mid-level,https://www.linkedin.com/jobs/view/marketing-coordinator-insurance-placement-services-at-assuredpartners-4229344645,2025-06-21 20:50:47,Marketing,0,0,0,0,0,1
Plum Insurance,Data Analyst,Data,The Team And Help Expand The Value We Deliver Across Plum,Mid-level,https://cy.linkedin.com/jobs/view/data-analyst-at-plum-4225527121,2025-06-21 20:50:47,Data Science,0,0,0,0,0,1
Plum Insurance,Senior Data Analyst,Data,The Team And Help Expand The Value We Deliver Across Plum,Senior,https://cy.linkedin.com/jobs/view/senior-data-analyst-at-plum-4080245561,2025-06-21 20:50:47,Data Science,0,0,0,0,0,1
Plum Insurance,Senior Data Analyst,Data,The Team And Help Expand The Value We Deliver Across Plum,Senior,https://uk.linkedin.com/jobs/view/senior-data-analyst-at-plum-4216100003,2025-06-21 20:50:47,Data Science,0,0,0,0,0,1
Plum Insurance,Plum Προσλήψεις Data Analyst Σε Athens,Data,The Team And Help Expand The Value We Deliver Across Plum,Mid-level,https://gr.linkedin.com/jobs/view/data-analyst-at-plum-4230746277?refId=A0uv3oVPAxxDiF9muhM0WQ%3D%3D&trackingId=Z1llHEXTDKli2kSJSEmyRQ%3D%3D,2025-06-21 20:50:47,Data Science,0,0,0,0,0,1
Plum Insurance,"Data Engineer, Sr",Engineering,Remote,Mid-level,https://www.linkedin.com/jobs/view/data-engineer-sr-at-wiraa-4245913846,2025-06-21 20:50:47,Engineering,0,0,0,0,0,1
Plum Insurance,),Design,Remote,Lead,https://in.linkedin.com/jobs/view/talent-acquisition-lead-leadership-hiring-at-plum-4251512241,2025-06-21 20:50:47,Design,1,0,0,0,0,0
Plum Insurance,Senior Data ..,Data,Remote,Senior,https://www.linkedin.com/jobs/view/senior-data-scientist-at-plum-commercial-real-estate-lending-4230835481,2025-06-21 20:50:47,Other,0,0,0,0,0,1
Plum Insurance,Hr Business Partner,Human Resources,Remote,Mid-level,https://in.linkedin.com/jobs/view/hr-business-partner-tech-at-plum-4250581394,2025-06-21 20:50:47,Other,0,0,0,0,0,1
Plum Insurance,Talent Acquisiti,Design,Remote,Mid-level,https://in.linkedin.com/jobs/view/talent-acquisition-partner-at-plum-4217294840,2025-06-21 20:50:47,Design,0,0,0,0,0,1
Plum Insurance,Engineering Lead,Engineering,Remote,Lead,https://cy.linkedin.com/jobs/view/engineering-lead-at-plum-4148684781,2025-06-21 20:50:47,Engineering,1,0,0,0,0,0
Plum Insurance,Senior Engineering Lead,Engineering,Remote,Senior,https://uk.linkedin.com/jobs/view/senior-engineering-lead-brokerage-at-plum-4249016099,2025-06-21 20:50:47,Engineering,1,0,0,0,0,0
Plum Insurance,Engineering Lead  ..,Engineering,Remote,Lead,https://cy.linkedin.com/jobs/view/engineering-lead-core-experience-at-plum-3936130537,2025-06-21 20:50:47,Engineering,1,0,0,0,0,0
Plum Insurance,Director Of Engineering,Engineering,Remote,Director,https://cy.linkedin.com/jobs/view/director-of-engineering-at-plum-4246351618,2025-06-21 20:50:47,Engineering,1,0,0,0,0,0
Yellow.Ai,Product Specialist,Other,Remote,Mid-level,https://in.linkedin.com/jobs/view/product-specialist-at-yellow-ai-4205795928,2025-06-21 20:50:47,Other,0,1,0,0,0,0
Yellow.Ai,Senior Customer Success Manager,Customer Success,Remote,Senior,https://www.linkedin.com/jobs/view/senior-customer-success-manager-at-yellow-ai-4240944536,2025-06-21 20:50:47,Customer Success,1,0,0,0,0,0
Yellow.Ai,Engagement Manager,Other,Remote,Mid-level,https://www.linkedin.com/jobs/view/engagement-manager-product-transformation-retail-industry-at-capital-markets-placement-4224958835,2025-06-21 20:50:47,Other,1,1,0,0,0,0
Yellow.Ai,Experienced Product Coach,Other,Remote,Mid-level,https://www.linkedin.com/jobs/view/experienced-product-coach-at-product-career-accelerator-4238291906,2025-06-21 20:50:47,Other,0,1,0,0,0,0
Yellow.Ai,Enterprise Account Manager,Other,Remote,Mid-level,https://in.linkedin.com/jobs/view/enterprise-account-manager-at-yellow-ai-4250412420,2025-06-21 20:50:47,Other,1,0,0,0,0,0
Yellow.Ai,Regional Marketing Manager,Marketing,Remote,Mid-level,https://sg.linkedin.com/jobs/view/regional-marketing-manager-at-yellow-ai-3749190284,2025-06-21 20:50:47,Marketing,1,0,0,0,0,0
Yellow.Ai,Senior Sales Director,Sales,Remote,Senior,https://sg.linkedin.com/jobs/view/senior-sales-director-at-yellow-ai-4213896912,2025-06-21 20:50:47,Sales,1,0,0,0,1,0
Yellow.Ai,Enterprise Sales Manager,Sales,Remote,Mid-level,https://sg.linkedin.com/jobs/view/enterprise-sales-manager-at-yellow-ai-4143860797,2025-06-21 20:50:47,Sales,1,0,0,0,1,0
Yellow.Ai,Business Development Representative,Product,To Apply For The Business Development Representative Role At Conversas Inteligentes By Yellow,Mid-level,https://in.linkedin.com/jobs/view/business-development-representative-at-conversas-inteligentes-by-yellow-ai-4235910837,2025-06-21 20:50:47,Other,0,0,0,0,0,1
Yellow.Ai,Enterprise Account Executive,Other,Remote,Mid-level,https://ae.linkedin.com/jobs/view/enterprise-account-executive-at-yellow-ai-4224330021,2025-06-21 20:50:47,Sales,0,0,0,0,0,1
Yellow.Ai,Presales Solutions Consultant,Sales,Remote,Mid-level,https://www.linkedin.com/jobs/view/presales-solutions-consultant-at-yellow-ai-4157301578?lg=en,2025-06-21 20:50:47,Sales,0,0,0,0,1,0
Yellow.Ai,Software Development Engineer,Engineering,Remote,Mid-level,https://in.linkedin.com/jobs/view/software-development-engineer-voip-platform-at-yellow-ai-4248381580,2025-06-21 20:50:47,Engineering,0,0,0,0,0,1
Yellow.Ai,Ai / Ml Engineer,Engineering,Remote,Mid-level,https://in.linkedin.com/jobs/view/ai-ml-engineer-at-yellow-ai-4218615397,2025-06-21 20:50:47,Engineering,0,0,0,0,0,1
Yellow.Ai,Devops Engineer,Engineering,Remote,Mid-level,https://in.linkedin.com/jobs/view/devops-engineer-at-yellow-ai-4192932433,2025-06-21 20:50:47,Engineering,0,0,0,0,0,1
Yellow.Ai,Site Reliability Engineer,Engineering,Remote,Mid-level,https://in.linkedin.com/jobs/view/site-reliability-engineer-aws-azure-at-yellow-ai-4182366583,2025-06-21 20:50:47,Engineering,0,0,0,0,0,1
Yellow.Ai,Yellow.Ai,Engineering,Containerized Environments Using Kubernetes Or Docker Swarm,Mid-level,https://in.linkedin.com/jobs/view/yellow-ai-devops-engineer-cloud-infrastructure-at-yellow-ai-4197606125,2025-06-21 20:50:47,Other,0,0,0,0,0,1
Yellow.Ai,Yellow.Ai,Engineering,Remote,Mid-level,https://in.linkedin.com/jobs/view/yellow-ai-support-engineer-it-automation-at-yellow-ai-4193624729,2025-06-21 20:50:47,Other,0,0,0,0,0,1
Yellow.Ai,Ux Developer + Designer,Engineering,Remote,Mid-level,https://www.linkedin.com/jobs/view/ux-developer-%2B-designer-at-scout-collective-4245587778,2025-06-21 20:50:47,Engineering,0,0,0,1,0,0
Yellow.Ai,Ux/Ui Designer Intern,Design,Remote,Intern,https://www.linkedin.com/jobs/view/ux-ui-designer-intern-unpaid-at-savestate-ai-4193934984,2025-06-21 20:50:47,Design,0,0,0,1,0,0
Yellow.Ai,Ux Designer,Design,Remote,Mid-level,https://in.linkedin.com/jobs/view/ux-designer-at-yellow-slice-208236296,2025-06-21 20:50:47,Design,0,0,0,1,0,0
Yellow.Ai,Ui / Ux Designer,Design,Remote,Mid-level,https://in.linkedin.com/jobs/view/ui-ux-designer-at-yellow-slice-196188684,2025-06-21 20:50:47,Design,0,0,0,1,0,0
Yellow.Ai,Salesforce Experience Cloud Developer,Engineering,Remote,Mid-level,https://in.linkedin.com/jobs/view/salesforce-experience-cloud-developer-ui-ux-design-at-marktine-it-solutions-4232688027,2025-06-21 20:50:47,Engineering,0,0,0,0,1,0
Yellow.Ai,Customer Success Manager,Customer Success,Remote,Mid-level,https://id.linkedin.com/jobs/view/customer-success-manager-at-yellow-ai-3536807178,2025-06-21 20:50:47,Customer Success,1,0,0,0,0,0
Yellow.Ai,Customer Success Manager,Customer Success,Remote,Mid-level,https://www.linkedin.com/jobs/view/customer-success-manager-at-cobalt-intelligence-secretary-of-state-api-4242648189,2025-06-21 20:50:47,Customer Success,1,0,0,0,0,0
Yellow.Ai,Customer Success Manager,Customer Success,Customers Derive Maximum Value From A Product Or Service,Mid-level,https://ae.linkedin.com/jobs/view/customer-success-manager-at-yellow-ai-4028708989,2025-06-21 20:50:47,Customer Success,1,0,0,0,0,0
Yellow.Ai,Customer Success Manager I,Customer Success,Remote,Mid-level,https://www.linkedin.com/jobs/view/customer-success-manager-i-at-brex-4184933707,2025-06-21 20:50:47,Customer Success,1,0,0,0,0,0
Yellow.Ai,"Senior Customer Success Manager, Strategic Accounts ..",Customer Success,Remote,Senior,https://www.linkedin.com/jobs/view/senior-customer-success-manager-strategic-accounts-east-at-abnormal-ai-4207130349,2025-06-21 20:50:47,Customer Success,1,0,0,0,0,0
Yellow.Ai,Customer Success Manager,Customer Success,Remote,Mid-level,https://www.linkedin.com/jobs/view/customer-success-manager-at-castellum-ai-4249890560,2025-06-21 20:50:47,Customer Success,1,0,0,0,0,0
Yellow.Ai,Ai Marketing Executive,Marketing,Remote,Mid-level,https://in.linkedin.com/jobs/view/ai-marketing-executive-at-yellow-catalog-company-online-business-directory-4207691998,2025-06-21 20:50:47,Marketing,0,0,0,0,0,1
Yellow.Ai,Field Marketing Manager,Marketing,Remote,Mid-level,https://id.linkedin.com/jobs/view/field-marketing-manager-at-yellow-ai-3902503139,2025-06-21 20:50:47,Marketing,1,0,0,0,0,0
Yellow.Ai,Marketing & Ai Systems Intern,Marketing,Remote,Intern,https://www.linkedin.com/jobs/view/marketing-ai-systems-intern-at-yellow-card-properties-4173130012,2025-06-21 20:50:47,Marketing,0,0,0,0,0,1
Yellow.Ai,Senior Sales Director,Sales,Remote,Senior,https://sg.linkedin.com/jobs/view/senior-sales-director-at-yellow-ai-4204747760,2025-06-21 20:50:47,Sales,1,0,0,0,1,0
Yellow.Ai,Fraud Data Analyst ..,Data,Remote,Mid-level,https://gi.linkedin.com/jobs/view/fraud-data-analyst-at-yellow-social-interactive-4236366765,2025-06-21 20:50:47,Data Science,0,0,0,0,0,1
Yellow.Ai,Senior Data Analyst,Data,Remote,Senior,https://gi.linkedin.com/jobs/view/senior-data-analyst-at-yellow-social-interactive-2638319339?refId=yb5zOuMOS%2Bt7tXXdRDDluA%3D%3D&trackingId=3VJgyAenaFsV9vJscdzi5Q%3D%3D&position=3&pageNum=0&trk=public_jobs_jserp-result_search-card,2025-06-21 20:50:47,Data Science,0,0,0,0,0,1
Yellow.Ai,Gtm Recruiter,Design,Remote,Mid-level,https://in.linkedin.com/jobs/view/gtm-recruiter-at-yellow-ai-4150414276,2025-06-21 20:50:47,Design,0,0,0,0,0,1
Yellow.Ai,Recruiting Intern,Design,Remote,Intern,https://sg.linkedin.com/jobs/view/recruiting-intern-at-yellow-ai-4202288792,2025-06-21 20:50:47,Design,0,0,0,0,0,1
Yellow.Ai,Specialist,Other,Remote,Mid-level,https://in.linkedin.com/jobs/view/specialist-people-operations-at-yellow-ai-4157166299,2025-06-21 20:50:47,Other,0,0,0,0,0,1
Yellow.Ai,Recruiter | Headhunter,Design,Remote,Mid-level,https://sg.linkedin.com/jobs/view/recruiter-headhunter-remote-full-commission-based-at-timely-find-4143108597,2025-06-21 20:50:47,Design,0,0,0,0,0,1
Yellow.Ai,Yellow.Ai,Data,Remote,Mid-level,https://in.linkedin.com/jobs/view/yellow-ai-grc-analyst-vulnerability-management-at-yellow-ai-4194530132,2025-06-21 20:50:47,Other,0,0,0,0,0,1
Yellow.Ai,Voice Engineer,Engineering,Remote,Mid-level,https://in.linkedin.com/jobs/view/voice-engineer-at-yellow-ai-4218615383,2025-06-21 20:50:47,Engineering,0,0,0,0,0,1
Yellow.Ai,Lead Speech Ai Scientist – Multilingual Asr,Other,Remote,Lead,https://in.linkedin.com/jobs/view/lead-speech-ai-scientist-%E2%80%93-multilingual-asr-at-yal-ai-4215254672,2025-06-21 20:50:47,Other,1,0,0,0,0,0
Yellow.Ai,Lead Ai Engineer,Engineering,Robust And Scalable Python,Lead,https://in.linkedin.com/jobs/view/lead-ai-engineer-at-isteer-4223296558,2025-06-21 20:50:47,Engineering,1,0,0,0,0,0
Yellow.Ai,Lead Ai Engineer,Engineering,Remote,Lead,https://in.linkedin.com/jobs/view/lead-ai-engineer-machine-learning-at-zs-4204806567,2025-06-21 20:50:47,Engineering,1,0,0,0,0,0
Yellow.Ai,Site Reliability Engineer,Engineering,Remote,Mid-level,https://in.linkedin.com/jobs/view/site-reliability-engineer-at-yellow-ai-4169914492,2025-06-21 20:50:47,Engineering,0,0,0,0,0,1
Graphy,Product Manager,Product,Remote,Mid-level,https://in.linkedin.com/jobs/view/product-manager-at-graphy-inc-4243284948,2025-06-21 20:50:47,Product Management,1,1,0,0,0,0
Graphy,Product Operations Intern,Other,Remote,Intern,https://in.linkedin.com/jobs/view/product-operations-intern-at-graphy-inc-4226896460,2025-06-21 20:50:47,Other,0,1,0,0,0,0
Graphy,Sales Development Executive,Product,Remote,Mid-level,https://in.linkedin.com/jobs/view/sales-development-executive-us-at-graphy-inc-4212687401,2025-06-21 20:50:47,Sales,0,0,0,0,1,0
Graphy,"Intern, Sales Development",Product,Remote,Intern,https://in.linkedin.com/jobs/view/intern-sales-development-at-graphy-inc-4235884753,2025-06-21 20:50:47,Sales,0,0,0,0,1,0
Graphy,Sales Development Executive,Product,Our Bengaluru,Mid-level,https://in.linkedin.com/jobs/view/sales-development-executive-at-graphy-inc-4250509191,2025-06-21 20:50:47,Sales,0,0,0,0,1,0
Graphy,Sales Development Associate,Product,Remote,Junior,https://in.linkedin.com/jobs/view/sales-development-associate-at-graphy-inc-4148583406,2025-06-21 20:50:47,Sales,0,0,0,0,1,0
Graphy,Sales Development Associate ..,Product,Remote,Junior,https://in.linkedin.com/jobs/view/sales-development-associate-at-graphy-inc-4176669383,2025-06-21 20:50:47,Sales,0,0,0,0,1,0
Graphy,Frontend Developer,Engineering,Remote,Mid-level,https://in.linkedin.com/jobs/view/frontend-developer-at-graphy-inc-4224617641,2025-06-21 20:50:47,Engineering,0,0,0,0,0,1
Graphy,Backend Engineer,Engineering,Our Team,Mid-level,https://in.linkedin.com/jobs/view/backend-engineer-at-graphy-inc-4158521540,2025-06-21 20:50:47,Engineering,0,0,0,0,0,1
Graphy,Web Designer,Design,Remote,Mid-level,https://in.linkedin.com/jobs/view/web-designer-at-graphy-inc-4145617917,2025-06-21 20:50:47,Design,0,0,0,1,0,0
Graphy,Senior Full Stack Laravel Developer,Engineering,Remote,Senior,https://pk.linkedin.com/jobs/view/senior-full-stack-laravel-developer-at-designo-graphy-4192788783,2025-06-21 20:50:47,Engineering,0,0,0,0,0,1
Graphy,Android Developer,Engineering,Remote,Mid-level,https://in.linkedin.com/jobs/view/android-developer-at-graphy-inc-4175281694,2025-06-21 20:50:47,Engineering,0,0,0,0,0,1
Graphy,Full Stack Web Developer,Engineering,Remote,Mid-level,https://pk.linkedin.com/jobs/view/full-stack-web-developer-at-designo-graphy-4032204073,2025-06-21 20:50:47,Engineering,0,0,0,0,0,1
Graphy,Senior Web Developer,Engineering,Functional Web Pages And Applications,Senior,https://pk.linkedin.com/jobs/view/senior-web-developer-at-designo-graphy-3363423865,2025-06-21 20:50:47,Engineering,0,0,0,0,0,1
Graphy,Ui/Ux Design,Design,Remote,Mid-level,https://in.linkedin.com/jobs/view/intern-ui-ux-design-at-graphy-inc-4236596496,2025-06-21 20:50:47,Design,0,0,0,0,0,1
Graphy,Ui/Ux Designer / Graphic Designer,Design,Their Team,Mid-level,https://hk.linkedin.com/jobs/view/ui-ux-designer-graphic-designer-at-adecco-4197705855,2025-06-21 20:50:47,Design,0,0,0,1,0,0
Graphy,Ux/Ui Web Designer,Design,Remote,Mid-level,https://www.linkedin.com/jobs/view/ux-ui-web-designer-figma-at-the-spartan-it-group-llc-4136486029,2025-06-21 20:50:47,Design,0,0,0,1,0,0
Graphy,Designer,Design,Remote,Mid-level,https://www.linkedin.com/jobs/view/designer-graphic-ui-ux-designer-at-remote-sharks-4171966288,2025-06-21 20:50:47,Design,0,0,0,1,0,0
Graphy,"Visual Designer, Android And Pixel Ux",Design,Remote,Mid-level,https://www.linkedin.com/jobs/view/visual-designer-android-and-pixel-ux-at-google-4238806459,2025-06-21 20:50:47,Design,0,0,0,1,0,0
Graphy,Customer Success Manager,Customer Success,Customers Are On Track To Achieve Their Desired Outcomes,Mid-level,https://in.linkedin.com/jobs/view/customer-success-manager-at-graphy-inc-4235097846,2025-06-21 20:50:47,Customer Success,1,0,0,0,0,0
Graphy,Customer Success Intern,Customer Success,Remote,Intern,https://in.linkedin.com/jobs/view/customer-success-intern-at-graphy-inc-4250890317,2025-06-21 20:50:47,Customer Success,0,0,0,0,0,1
Graphy,"Associate / Senior Associate, Customer Success",Customer Success,Remote,Junior,https://in.linkedin.com/jobs/view/associate-senior-associate-customer-success-at-graphy-inc-4208028016,2025-06-21 20:50:47,Customer Success,0,0,0,0,0,1
Graphy,Customer Success Manager,Customer Success,Remote,Mid-level,https://in.linkedin.com/jobs/view/customer-success-manager-at-shopalyst-4185428539,2025-06-21 20:50:47,Customer Success,1,0,0,0,0,0
Graphy,Customer Success Manager,Customer Success,The Hospitality Industry,Mid-level,https://in.linkedin.com/jobs/view/customer-success-manager-at-milestone-inc-4150036113,2025-06-21 20:50:47,Customer Success,1,0,0,0,0,0
Graphy,Marketing Intern,Marketing,Remote,Intern,https://in.linkedin.com/jobs/view/marketing-intern-at-graphy-inc-4238095126,2025-06-21 20:50:47,Marketing,0,0,0,0,0,1
Graphy,Marketing Intern,Marketing,Remote,Intern,https://in.linkedin.com/jobs/view/marketing-intern-at-graphy-inc-4181295852,2025-06-21 20:50:47,Marketing,0,0,0,0,0,1
Graphy,Influencer Marketing Lead,Marketing,Remote,Lead,https://in.linkedin.com/jobs/view/influencer-marketing-lead-at-graphy-inc-4191534614,2025-06-21 20:50:47,Marketing,1,0,0,0,0,0
Graphy,Social Media Marketing Specialist,Design,Remote,Mid-level,https://pk.linkedin.com/jobs/view/social-media-marketing-specialist-at-designo-graphy-4174148301,2025-06-21 20:50:47,Marketing,0,0,0,0,0,1
Graphy,Data Scientist – Graph Analysis & Algorithms,Data,A High,Mid-level,https://www.linkedin.com/jobs/view/data-scientist-%E2%80%93-graph-analysis-algorithms-fully-cleared-at-intelliforce-it-solutions-group-llc-4238972698,2025-06-21 20:50:47,Data Science,0,0,0,0,0,1
Graphy,Senior Data Consultant,Data,Remote,Senior,https://www.linkedin.com/jobs/view/senior-data-consultant-graph-semantics-at-lensa-4252529480,2025-06-21 20:50:47,Other,0,0,0,0,0,1
Graphy,Data Analyst,Data,Remote,Mid-level,https://www.linkedin.com/jobs/view/data-analyst-at-santcore-technologies-4227687776,2025-06-21 20:50:47,Data Science,0,0,0,0,0,1
Graphy,Data Analyst,Data,Remote,Mid-level,https://www.linkedin.com/jobs/view/data-analyst-at-bgb-group-4140181685,2025-06-21 20:50:47,Data Science,0,0,0,0,0,1
Graphy,Data Scientist,Data,Remote,Mid-level,https://www.linkedin.com/jobs/view/data-scientist-graph-analysis-at-visionist-inc-4239795737,2025-06-21 20:50:47,Data Science,0,0,0,0,0,1
Graphy,"Neo4J / Tiger Graph Developer  (Pittsburgh, Pa ..",Engineering,Remote,Mid-level,https://www.linkedin.com/jobs/view/neo4j-tiger-graph-developer-full-time-pittsburgh-pa-cleveland-oh-dallas-tx-3-days-onsite-in-a-week-hybrid-at-jobs-via-dice-4250308824,2025-06-21 20:50:47,Engineering,0,0,0,0,0,1
Graphy,Manager And Senior Experienced Hires,Other,A Leading Consulting Firm Or Corporate Strategy Or Development Role,Senior,https://www.linkedin.com/jobs/view/manager-and-senior-experienced-hires-at-graph-strategy-4152379952?position=33&pageNum=0&refId=6h0yEuaYyqbvYE9WHHXTUQ%3D%3D&trackingId=nFzBbCogUtuowcOUoUmxXA%3D%3D,2025-06-21 20:50:47,Other,1,0,0,0,0,0
Graphy,Full Desk Recruiter,Design,You,Mid-level,https://www.linkedin.com/jobs/view/full-desk-recruiter-100%25-remote-%2B-commission-at-shtudy-4250118278,2025-06-21 20:50:47,Design,0,0,0,0,0,1
Graphy,Software Engineering,Engineering,Remote,Mid-level,https://www.linkedin.com/jobs/view/software-engineering-search-and-knowledge-graph-at-tableau-4188340443,2025-06-21 20:50:47,Engineering,0,0,1,0,0,0
Graphy,Graph Lead Developer,Engineering,Remote,Lead,https://www.linkedin.com/jobs/view/graph-lead-developer-fulltime-at-aklip-technologies-4253167443,2025-06-21 20:50:47,Engineering,1,0,0,0,0,0
Graphy,Graph Lead Developer,Engineering,Remote,Lead,https://www.linkedin.com/jobs/view/graph-lead-developer-at-aklip-technologies-4252041335,2025-06-21 20:50:47,Engineering,1,0,0,0,0,0
Graphy,Graph Lead Developer,Engineering,Remote,Lead,https://www.linkedin.com/jobs/view/graph-lead-developer-at-jobs-via-dice-4251508557,2025-06-21 20:50:47,Engineering,1,0,0,0,0,0
Graphy,Senior Machine Learning Engineering Manager,Engineering,Remote,Senior,https://www.linkedin.com/jobs/view/senior-machine-learning-engineering-manager-knowledge-graph-at-atlassian-4219010233,2025-06-21 20:50:47,Engineering,1,0,0,0,0,0
Graphy,Senior Machine Learning Engineering Manager,Engineering,Remote,Senior,https://www.linkedin.com/jobs/view/senior-machine-learning-engineering-manager-teamwork-graph-at-atlassian-4216593862,2025-06-21 20:50:47,Engineering,1,0,0,0,0,0
Graphy,Senior Software Engineer,Engineering,Remote,Senior,https://www.linkedin.com/jobs/view/senior-software-engineer-graph-database-at-tanium-4251816199,2025-06-21 20:50:47,Engineering,0,0,1,0,0,0
Kala.Ai,Product Manager,Product,Responsibilities,Mid-level,https://al.linkedin.com/jobs/view/product-manager-at-kalaja-talent-consulting-4115978881,2025-06-21 20:50:47,Product Management,1,1,0,0,0,0
Kala.Ai,B2B Sales And Marketing Executive,Sales,Remote,Mid-level,https://in.linkedin.com/jobs/view/b2b-sales-and-marketing-executive-at-kala-ai-and-expert-based-hiring-4198340083,2025-06-21 20:50:47,Sales,0,0,0,0,1,0
Kala.Ai,Hr Strategy And Operations Associate,Human Resources,Remote,Junior,https://in.linkedin.com/jobs/view/strategy-and-operations-associate-at-firstprinciples-holding-company-4160674668,2025-06-21 20:50:47,Other,0,0,0,0,0,1
Kala.Ai,Project Architect,Other,Remote,Mid-level,https://www.linkedin.com/jobs/view/project-architect-at-kala-performance-homes-4248907172,2025-06-21 20:50:47,Other,0,0,0,0,0,1
Kala.Ai,Social Media Executive ..,Other,Remote,Mid-level,https://in.linkedin.com/jobs/view/social-media-executive-at-kala-cassette-4249515398,2025-06-21 20:50:47,Other,0,0,0,0,0,1
Kala.Ai,Administrative Specialist,Other,Remote,Mid-level,https://www.linkedin.com/jobs/view/administrative-specialist-at-kala-solutions-com-4171499355,2025-06-21 20:50:47,Other,0,0,0,0,0,1
Kala.Ai,Administrative Specialist,Other,Remote,Mid-level,https://www.linkedin.com/jobs/view/administrative-specialist-at-kala-solutions-com-4171479223,2025-06-21 20:50:47,Other,0,0,0,0,0,1
Kala.Ai,B2B Sales Executive,Sales,Remote,Mid-level,https://in.linkedin.com/jobs/view/b2b-sales-executive-multiple-locations-at-kala-ai-and-expert-based-hiring-4183360731,2025-06-21 20:50:47,Sales,0,0,0,0,1,0
Kala.Ai,Inside Sales Representative,Sales,Remote,Mid-level,https://www.linkedin.com/jobs/view/inside-sales-representative-new-business-at-kala-brand-music-136337265,2025-06-21 20:50:47,Sales,0,0,0,0,1,0
Kala.Ai,Kala,Product,Remote,Mid-level,https://in.linkedin.com/jobs/view/business-development-manager-at-kala-imaginarium-4238393174,2025-06-21 20:50:47,Other,1,0,0,0,0,0
Kala.Ai,Treasury Management Regional Sales ..,Sales,Remote,Mid-level,https://www.linkedin.com/jobs/view/treasury-management-regional-sales-manager-at-encore-bank-4231971315,2025-06-21 20:50:47,Sales,0,0,0,0,1,0
Kala.Ai,Manager,Product,Remote,Mid-level,https://www.linkedin.com/jobs/view/manager-business-development-wireless-us-world-wide-accounts-at-wesco-4221747195,2025-06-21 20:50:47,Other,1,0,0,0,0,0
Kala.Ai,Channel Sales Account Manager,Sales,Remote,Mid-level,https://in.linkedin.com/jobs/view/channel-sales-account-manager-at-kala-genset-pvt-ltd-india-4233763417,2025-06-21 20:50:47,Sales,1,0,0,0,1,0
Kala.Ai,Senior Outside Sales Representative,Sales,Remote,Senior,https://www.linkedin.com/jobs/view/senior-outside-sales-representative-security-integrators-at-wesco-4227185468,2025-06-21 20:50:47,Sales,0,0,0,0,1,0
Kala.Ai,Software Developer,Engineering,Remote,Mid-level,https://in.linkedin.com/jobs/view/software-developer-at-kala-group-4151257262,2025-06-21 20:50:47,Engineering,0,0,0,0,0,1
Kala.Ai,Coding Expertise,Other,Remote,Mid-level,https://in.linkedin.com/jobs/view/coding-expertise-for-ai-training-at-outlier-4207467780,2025-06-21 20:50:47,Other,0,0,0,0,0,1
Kala.Ai,Principal Software Engineer,Engineering,Remote,Lead,https://in.linkedin.com/jobs/view/principal-software-engineer-mean-stack-at-unext-learning-4221883412,2025-06-21 20:50:47,Engineering,0,0,1,0,0,0
Kala.Ai,Cofounder Cto,Other,Remote,Mid-level,https://ie.linkedin.com/jobs/view/cofounder-cto-at-abstract-innovation-4075000441,2025-06-21 20:50:47,Other,0,0,0,0,0,1
Kala.Ai,Frontend Developer,Engineering,Remote,Mid-level,https://sg.linkedin.com/jobs/view/frontend-developer-at-cyberowl-3918880486,2025-06-21 20:50:47,Engineering,0,0,0,0,0,1
Kala.Ai,Engineer ..,Engineering,Remote,Mid-level,https://in.linkedin.com/jobs/view/engineer-at-scottill-healthcare-pvt-ltd-4239945347,2025-06-21 20:50:47,Engineering,0,0,0,0,0,1
Kala.Ai,User Experience Designer ..,Design,Remote,Mid-level,https://pk.linkedin.com/jobs/view/user-experience-designer-at-loading-it-solutions-4026739613,2025-06-21 20:50:47,Design,0,0,0,1,0,0
Kala.Ai,Full Stack Architect &Amp;#8211; Ui/Ux,Design,Remote,Mid-level,https://www.linkedin.com/jobs/view/full-stack-architect-amp-%238211-ui-ux-at-highbrow-llc-4215626193,2025-06-21 20:50:47,Design,0,0,0,0,0,1
Kala.Ai,Graphic Design Intern,Design,Remote,Intern,https://in.linkedin.com/jobs/view/graphic-design-intern-at-kala-and-kriti-4186266130,2025-06-21 20:50:47,Other,0,0,0,0,0,1
Kala.Ai,Junior Search Engine Optimizati,Other,Remote,Junior,https://in.linkedin.com/jobs/view/junior-search-engine-optimization-seo-specialist-in-chandigarh-mohali-mohali-mohali-uttar-pradesh-chandigarh-himachal-pradesh-uttarakhand-at-relinns-technologies-4251061036,2025-06-21 20:50:47,Other,0,0,0,0,0,1
Kala.Ai,Moti,Design,Remote,Mid-level,https://in.linkedin.com/jobs/view/motion-graphic-designer-at-royal-finesse-3221555001,2025-06-21 20:50:47,Design,0,0,0,1,0,0
Kala.Ai,Lead Graphic Designer,Design,Remote,Lead,https://pk.linkedin.com/jobs/view/lead-graphic-designer-at-sa-group-4216026459,2025-06-21 20:50:47,Design,1,0,0,1,0,0
Kala.Ai,Stall Sales And Customer Service Representative,Sales,Remote,Mid-level,https://np.linkedin.com/jobs/view/stall-sales-and-customer-service-representative-at-masta-kala-4083096501,2025-06-21 20:50:47,Sales,0,0,0,0,1,0
Kala.Ai,Senior Customer Success Officer,Customer Success,Remote,Senior,https://np.linkedin.com/jobs/view/senior-customer-success-officer-hybrid-at-right-jobs-3935061767,2025-06-21 20:50:47,Customer Success,0,0,0,0,0,1
Kala.Ai,Customer Success Officer,Customer Success,Remote,Mid-level,https://np.linkedin.com/jobs/view/customer-success-officer-at-veda-app-%E0%A4%B5%E0%A5%87%E0%A4%A6-4228129423,2025-06-21 20:50:47,Customer Success,0,0,0,0,0,1
Kala.Ai,Stall Sales And Customer Service Representative,Sales,Remote,Mid-level,https://np.linkedin.com/jobs/view/stall-sales-and-customer-service-representative-at-masta-kala-4245416847,2025-06-21 20:50:47,Sales,0,0,0,0,1,0
Kala.Ai,Admissions Counselor Sr Ii,Other,Remote,Mid-level,https://www.linkedin.com/jobs/view/admissions-counselor-i-admissions-counselor-sr-ii-california-at-oklahoma-state-university-4252573565,2025-06-21 20:50:47,Other,0,0,0,0,0,1
Kala.Ai,Adjudicator,Other,Relevant And Accurate Information From All Interested,Mid-level,https://www.linkedin.com/jobs/view/adjudicator-at-state-of-north-carolina-4237267997,2025-06-21 20:50:47,Other,0,0,0,0,0,1
Kala.Ai,Sales Manager,Sales,Remote,Mid-level,https://be.linkedin.com/jobs/view/sales-manager-for-hr-intranet-powered-by-ai-at-kala-3997316922,2025-06-21 20:50:47,Sales,1,0,0,0,1,0
Kala.Ai,Social Media Intern,Other,Our Marketing Team,Intern,https://www.linkedin.com/jobs/view/social-media-intern-at-kala-brand-music-4230651573,2025-06-21 20:50:47,Other,0,0,0,0,0,1
Kala.Ai,Data Analyst,Data,Remote,Mid-level,https://www.linkedin.com/jobs/view/data-analyst-at-kala-solutions-com-4176431894,2025-06-21 20:50:47,Data Science,0,0,0,0,0,1
Kala.Ai,Marketing Partner,Marketing,Remote,Mid-level,https://in.linkedin.com/jobs/view/marketing-partner-at-saundhya-kala-foundation-4159049200,2025-06-21 20:50:47,Marketing,0,0,0,0,0,1
Kala.Ai,Inside Sales Representative – Toy/Educati,Sales,Remote,Mid-level,https://www.linkedin.com/jobs/view/inside-sales-representative-%E2%80%93-toy-education-market-at-kala-brand-music-205280058,2025-06-21 20:50:47,Sales,0,0,0,0,1,0
Kala.Ai,Operations Analyst,Data,Remote,Mid-level,https://in.linkedin.com/jobs/view/operations-analyst-at-travclan-4156975495?refId=1bGmG5SLEHcbuUgU9xaKhw%3D%3D&trackingId=HDi7uwTFYGCURyqycnTAJQ%3D%3D&position=2&pageNum=0,2025-06-21 20:50:47,Other,0,0,0,0,0,1
Kala.Ai,Project Architect,Other,Our Dynamic Team,Mid-level,https://www.linkedin.com/jobs/view/project-architect-at-actalent-4252532219,2025-06-21 20:50:47,Talent Acquisition,0,0,0,0,0,1
Kala.Ai,Project Architect,Design,Remote,Mid-level,https://www.linkedin.com/jobs/view/project-architect-at-helix-architecture-%2B-design-4250719558,2025-06-21 20:50:47,Other,0,0,0,0,0,1
Kala.Ai,Kala No Limits Rbt,Other,Remote,Mid-level,https://www.linkedin.com/jobs/view/kala-no-limits-rbt-at-advance-kids-inc-4240230451,2025-06-21 20:50:47,Other,0,0,0,0,0,1
Kala.Ai,Human Resources Assistant Iii,Other,Remote,Mid-level,https://www.linkedin.com/jobs/view/human-resources-assistant-iii-oahu-at-state-of-hawai%CA%BBi-4236633713,2025-06-21 20:50:47,Other,0,0,0,0,0,1
Kala.Ai,Custodian Full-Time (Aiea,Design,Remote,Mid-level,https://www.linkedin.com/jobs/view/custodian-full-time-aiea-oahu-at-hawaiian-building-maintenance-4240162292,2025-06-21 20:50:47,Other,0,0,0,0,0,1
Kala.Ai,"Grocery Team Member (Stocker, Inventory, Floor Service ..",Other,Remote,Mid-level,https://www.linkedin.com/jobs/view/grocery-team-member-stocker-inventory-floor-service-customer-service-part-time-at-whole-foods-market-4244467450,2025-06-21 20:50:47,Other,0,0,0,0,0,1
Kala.Ai,Administrative Clerk  With Dod Security ..,Other,Remote,Mid-level,https://www.linkedin.com/jobs/view/administrative-clerk-general-clerk-ii-with-dod-security-clearance-at-hire-our-heroes-veteran-job-board-4250250254,2025-06-21 20:50:47,Other,0,0,0,0,0,1
Kala.Ai,Administrative Support Specialist ..,Support,Remote,Mid-level,https://www.linkedin.com/jobs/view/administrative-support-specialist-at-kala-solutions-com-4171499355,2025-06-21 20:50:47,Other,0,0,0,0,0,1
Kala.Ai,Civil And Structural Practice Lead,Other,Remote,Lead,https://www.linkedin.com/jobs/view/civil-and-structural-practice-lead-at-jacobs-4232747419,2025-06-21 20:50:47,Other,1,0,0,0,0,0
Kala.Ai,Senior Design Project Manager,Design,Remote,Senior,https://www.linkedin.com/jobs/view/senior-design-project-manager-at-mammoth-3908810708,2025-06-21 20:50:47,Other,1,0,0,0,0,0
Kala.Ai,Technical Program Manager,Other,Remote,Mid-level,https://sg.linkedin.com/jobs/view/technical-program-manager-r-d-at-kla-4004981308,2025-06-21 20:50:47,Other,1,0,0,0,0,0
Kala.Ai,Senior Design Build Project Manager,Design,Within  Months,Senior,https://www.linkedin.com/jobs/view/senior-design-build-project-manager-at-wilson-company-inc-engineers-and-architects-4205019886,2025-06-21 20:50:47,Design,1,0,0,0,0,0
Razorpay,Senior Product Manager,Product,Remote,Senior,https://in.linkedin.com/jobs/view/senior-product-manager-at-razorpay-4245896954,2025-06-21 20:50:47,Product Management,1,1,0,0,0,0
Razorpay,Product Manager Ii,Product,Remote,Mid-level,https://in.linkedin.com/jobs/view/product-manager-ii-at-razorpay-4204758990,2025-06-21 20:50:47,Product Management,1,1,0,0,0,0
Razorpay,Senior Product Manager,Product,Remote,Senior,https://in.linkedin.com/jobs/view/senior-product-manager-at-razorpay-4237620937,2025-06-21 20:50:47,Product Management,1,1,0,0,0,0
Razorpay,Product Manager Ii,Product,Remote,Mid-level,https://in.linkedin.com/jobs/view/product-manager-ii-at-razorpay-4210902225,2025-06-21 20:50:47,Product Management,1,1,0,0,0,0
Razorpay,Senior Associate,Product,Remote,Junior,https://in.linkedin.com/jobs/view/senior-associate-business-development-at-razorpay-4250812475,2025-06-21 20:50:47,Other,0,0,0,0,0,1
Razorpay,Sales Manager,Sales,The South East Asia Business,Mid-level,https://sg.linkedin.com/jobs/view/sales-manager-at-razorpay-4224476299,2025-06-21 20:50:47,Sales,1,0,0,0,1,0
Razorpay,Senior Manager,Sales,Remote,Senior,https://in.linkedin.com/jobs/view/senior-manager-enterprise-sales-at-razorpay-4210901291,2025-06-21 20:50:47,Other,1,0,0,0,1,0
Razorpay,Associate Manager,Sales,Remote,Junior,https://in.linkedin.com/jobs/view/associate-manager-sales-strategy-at-razorpay-4195560504,2025-06-21 20:50:47,Other,1,0,0,0,1,0
Razorpay,Inside Sales Associate,Sales,Remote,Junior,https://www.linkedin.com/jobs/view/3930441252/,2025-06-21 20:50:47,Sales,0,0,0,0,1,0
Razorpay,Senior Software Development Engineer,Engineering,Remote,Senior,https://in.linkedin.com/jobs/view/senior-software-development-engineer-at-razorpay-4251617042,2025-06-21 20:50:47,Engineering,0,0,0,0,0,1
Razorpay,Software Development Engineer,Engineering,Remote,Mid-level,https://in.linkedin.com/jobs/view/software-development-engineer-in-test-at-razorpay-4138759887,2025-06-21 20:50:47,Engineering,0,0,0,0,0,1
Razorpay,Software Development Engineer,Engineering,Remote,Mid-level,https://in.linkedin.com/jobs/view/software-development-engineer-android-sdk-at-razorpay-4239272660,2025-06-21 20:50:47,Engineering,0,0,0,0,0,1
Razorpay,Staff Software Development Engineer ..,Engineering,Remote,Mid-level,https://in.linkedin.com/jobs/view/staff-software-development-engineer-at-razorpay-4138969675,2025-06-21 20:50:47,Engineering,0,0,0,0,0,1
Razorpay,Staff Software Development Engineer,Engineering,Remote,Mid-level,https://in.linkedin.com/jobs/view/staff-software-development-engineer-at-razorpay-4236571953,2025-06-21 20:50:47,Engineering,0,0,0,0,0,1
Razorpay,Senior Software Development Engineer,Engineering,Remote,Senior,https://in.linkedin.com/jobs/view/senior-software-development-engineer-in-test-at-razorpay-4233415163,2025-06-21 20:50:47,Engineering,0,0,0,0,0,1
Razorpay,Product Designer I,Design,Remote,Mid-level,https://in.linkedin.com/jobs/view/product-designer-i-at-razorpay-4242567086,2025-06-21 20:50:47,Design,0,1,0,1,0,0
Razorpay,Senior Product Designer,Design,Remote,Senior,https://in.linkedin.com/jobs/view/senior-product-designer-at-razorpay-4210902226,2025-06-21 20:50:47,Design,0,1,0,1,0,0
Razorpay,Product Designer Ii,Design,Remote,Mid-level,https://in.linkedin.com/jobs/view/product-designer-ii-at-razorpay-4238106379?refId=Z2uRZFN8%2Bzi8AB2LWrYsZg%3D%3D&trackingId=KaxWcD8G0doxwAFYWU1WaA%3D%3D&position=19&pageNum=0,2025-06-21 20:50:47,Design,0,1,0,1,0,0
Razorpay,Customer Success Executive,Customer Success,Remote,Mid-level,https://my.linkedin.com/jobs/view/customer-success-executive-at-curlec-by-razorpay-4160831018,2025-06-21 20:50:47,Customer Success,0,0,0,0,0,1
Razorpay,"Associate Manager, New Initiatives Client Success",Other,Remote,Junior,https://in.linkedin.com/jobs/view/associate-manager-new-initiatives-client-success-at-razorpay-4251615252,2025-06-21 20:50:47,Other,1,0,0,0,0,0
Razorpay,"Associate, New Initiatives Client Success ..",Other,Remote,Junior,https://in.linkedin.com/jobs/view/associate-new-initiatives-client-success-at-razorpay-4186995618,2025-06-21 20:50:47,Other,0,0,0,0,0,1
Razorpay,Associate Manager,Other,Remote,Junior,https://in.linkedin.com/jobs/view/associate-manager-new-initiatives-client-success-at-razorpay-4117294557,2025-06-21 20:50:47,Other,1,0,0,0,0,0
Razorpay,Technical Account Manager,Other,Robust Relationships With Super Enterprise Merchants,Mid-level,https://in.linkedin.com/jobs/view/technical-account-manager-at-razorpay-4226785383,2025-06-21 20:50:47,Other,1,0,0,0,0,0
Razorpay,Manager,Marketing,Remote,Mid-level,https://in.linkedin.com/jobs/view/manager-events-marketing-at-razorpay-4189620569,2025-06-21 20:50:47,Other,1,0,0,0,0,0
Razorpay,Head Of Marketing,Marketing,Remote,Mid-level,https://my.linkedin.com/jobs/view/head-of-marketing-sea-at-curlec-by-razorpay-4211500657,2025-06-21 20:50:47,Marketing,0,0,0,0,0,1
Razorpay,Razorpay,Marketing,Remote,Mid-level,https://in.linkedin.com/jobs/view/razorpay-manager-product-marketing-5-10-yrs-bangalore-at-razorpay-207288111,2025-06-21 20:50:47,Other,1,1,0,0,0,0
Razorpay,Senior Manager Social Media,Other,Remote,Senior,https://in.linkedin.com/jobs/view/senior-manager-social-media-at-razorpay-4172806086,2025-06-21 20:50:47,Other,1,0,0,0,0,0
Razorpay,Associate Manager,Marketing,Remote,Junior,https://in.linkedin.com/jobs/view/associate-manager-marketing-at-razorpay-4172341635,2025-06-21 20:50:47,Other,1,0,0,0,0,0
Razorpay,Campaign Management,Sales,Remote,Mid-level,https://in.linkedin.com/jobs/view/manager-campaign-management-ad-sales-at-razorpay-4200136297,2025-06-21 20:50:47,Sales,0,0,0,0,1,0
Razorpay,Data Analyst,Data,Remote,Mid-level,https://in.linkedin.com/jobs/view/data-analyst-business-finance-at-razorpay-4245342978,2025-06-21 20:50:47,Data Science,0,0,0,0,0,1
Razorpay,Senior Analytics Specialist,Other,Remote,Senior,https://in.linkedin.com/jobs/view/senior-analytics-specialist-at-razorpay-4253098096,2025-06-21 20:50:47,Other,0,0,0,0,0,1
Razorpay,Manager,Other,Remote,Mid-level,https://in.linkedin.com/jobs/view/manager-cross-border-at-razorpay-4252509436,2025-06-21 20:50:47,Other,1,0,0,0,0,0
Razorpay,Director,Other,Remote,Director,https://in.linkedin.com/jobs/view/director-solutions-consulting-at-razorpay-4219338200,2025-06-21 20:50:47,Other,1,0,0,0,0,0
Razorpay,Director,Other,Remote,Director,https://in.linkedin.com/jobs/view/director-business-management-at-razorpay-4108548131,2025-06-21 20:50:47,Other,1,0,0,0,0,0
Razorpay,Manager,Product,Remote,Mid-level,https://in.linkedin.com/jobs/view/manager-learning-development-at-razorpay-4210901288,2025-06-21 20:50:47,Other,1,0,0,0,0,0
Razorpay,"Senior Associate, Talent Partner",Other,Remote,Junior,https://in.linkedin.com/jobs/view/senior-associate-talent-partner-at-razorpay-4172073574,2025-06-21 20:50:47,Talent Acquisition,0,0,0,0,0,1
Razorpay,Lead Software Development Engineer,Engineering,Remote,Lead,https://in.linkedin.com/jobs/view/lead-software-development-engineer-at-razorpay-4247784802,2025-06-21 20:50:47,Engineering,1,0,0,0,0,0
Razorpay,Lead Solutions Engineer,Engineering,Remote,Lead,https://in.linkedin.com/jobs/view/lead-solutions-engineer-at-razorpay-4225981914,2025-06-21 20:50:47,Engineering,1,0,0,0,0,0
Razorpay,Lead Devops Engineer,Engineering,Remote,Lead,https://in.linkedin.com/jobs/view/lead-devops-engineer-at-razorpay-4150025968,2025-06-21 20:50:47,Engineering,1,0,0,0,0,0
Razorpay,Director/Senior Director Engineering,Engineering,Remote,Senior,https://in.linkedin.com/jobs/view/director-senior-director-engineering-at-razorpay-4229108620,2025-06-21 20:50:47,Engineering,1,0,0,0,0,0
Razorpay,Lead Software Development Engineer,Engineering,Remote,Lead,https://in.linkedin.com/jobs/view/lead-software-development-engineer-at-razorpay-4223496918,2025-06-21 20:50:47,Engineering,1,0,0,0,0,0
Razorpay,Engineering Manager,Engineering,Remote,Mid-level,https://in.linkedin.com/jobs/view/engineering-manager-data-platform-at-razorpay-4235095561,2025-06-21 20:50:47,Engineering,1,0,0,0,0,0
Razorpay,Senior Engineering Manager,Engineering,Remote,Senior,https://in.linkedin.com/jobs/view/senior-engineering-manager-at-razorpay-4204368864,2025-06-21 20:50:47,Engineering,1,0,0,0,0,0
Browserstack,Principal Product Manager,Product,Remote,Lead,https://in.linkedin.com/jobs/view/principal-product-manager-at-browserstack-4151316170,2025-06-21 20:50:47,Product Management,1,1,0,0,0,0
Browserstack,Senior Product Manager,Product,Remote,Senior,https://in.linkedin.com/jobs/view/193894309,2025-06-21 20:50:47,Product Management,1,1,0,0,0,0
Browserstack,Product Manager,Product,Remote,Mid-level,https://in.linkedin.com/jobs/view/product-manager-at-browserstack-195583981,2025-06-21 20:50:47,Product Management,1,1,0,0,0,0
Browserstack,Developer Advocate,Engineering,Remote,Mid-level,https://www.linkedin.com/jobs/view/developer-advocate-at-browserstack-4206626989,2025-06-21 20:50:47,Engineering,0,0,0,0,0,1
Browserstack,Senior Product Designer,Design,Remote,Senior,https://in.linkedin.com/jobs/view/senior-product-designer-at-browserstack-4194773701,2025-06-21 20:50:47,Design,0,1,0,1,0,0
Browserstack,Associate Technical Program Manager,Other,Remote,Junior,https://in.linkedin.com/jobs/view/associate-technical-program-manager-at-browserstack-4130151525,2025-06-21 20:50:47,Other,1,0,0,0,0,0
Browserstack,Manager,Sales,Remote,Mid-level,https://www.linkedin.com/jobs/view/manager-enterprise-sales-at-browserstack-4202605361,2025-06-21 20:50:47,Other,1,0,0,0,1,0
Browserstack,Business Development Representative,Product,Remote,Mid-level,https://in.linkedin.com/jobs/view/business-development-representative-at-browserstack-4211431609,2025-06-21 20:50:47,Other,0,0,0,0,0,1
Browserstack,Enterprise Account Executive,Other,Remote,Mid-level,https://www.linkedin.com/jobs/view/enterprise-account-executive-at-browserstack-4202605360,2025-06-21 20:50:47,Sales,0,0,0,0,0,1
Browserstack,Lead,Sales,Remote,Lead,https://in.linkedin.com/jobs/view/lead-sales-enablement-at-browserstack-4176724589,2025-06-21 20:50:47,Other,1,0,0,0,1,0
Browserstack,Business Development Representative (Remote,Product,To Apply For The Business Development Representative,Mid-level,https://in.linkedin.com/jobs/view/business-development-representative-remote-pune-at-browserstack-4239393236,2025-06-21 20:50:47,Other,0,0,0,0,0,1
Browserstack,Team Lead,Product,Remote,Lead,https://in.linkedin.com/jobs/view/team-lead-business-development-at-browserstack-4206129687,2025-06-21 20:50:47,Other,1,0,0,0,0,0
Browserstack,User Experience Interface Designer In,Design,Meet The Desired Ux Goals And Stakeholder,Mid-level,https://in.linkedin.com/jobs/view/user-experience-interface-designer-at-browserstack-151272002,2025-06-21 20:50:47,Design,0,0,0,1,0,0
Browserstack,Lead Product Designer,Design,Remote,Lead,https://in.linkedin.com/jobs/view/lead-product-designer-mumbai-remote-at-browserstack-4230072820,2025-06-21 20:50:47,Design,1,1,0,1,0,0
Browserstack,Ux Designer,Design,Remote,Mid-level,https://www.linkedin.com/jobs/view/ux-designer-at-assuranceamerica-4121866090,2025-06-21 20:50:47,Design,0,0,0,1,0,0
Browserstack,Head Of Design,Design,Remote,Mid-level,https://in.linkedin.com/jobs/view/head-of-design-at-browserstack-139106749,2025-06-21 20:50:47,Other,0,0,0,0,0,1
Browserstack,Lead Product Designer,Design,Remote,Lead,https://in.linkedin.com/jobs/view/lead-product-designer-at-browserstack-4198000201,2025-06-21 20:50:47,Design,1,1,0,1,0,0
Browserstack,Ui/Ux Tester,Design,Remote,Mid-level,https://www.linkedin.com/jobs/view/ui-ux-tester-at-micro1-4250629735,2025-06-21 20:50:47,Design,0,0,0,0,0,1
Browserstack,Customer Success,Customer Success,It Requires To Become A Customer Success,Mid-level,https://in.linkedin.com/jobs/view/customer-success-at-browserstack-193892694,2025-06-21 20:50:47,Customer Success,0,0,0,0,0,1
Browserstack,Customer Engineer,Engineering,Remote,Mid-level,https://www.linkedin.com/jobs/view/customer-engineer-at-browserstack-4202604422,2025-06-21 20:50:47,Engineering,0,0,0,0,0,1
Browserstack,Customer Engineer,Engineering,Remote,Mid-level,https://www.linkedin.com/jobs/view/customer-engineer-at-browserstack-4202607141,2025-06-21 20:50:47,Engineering,0,0,0,0,0,1
Browserstack,Customer Success Lead (Remote,Customer Success,Remote,Lead,https://in.linkedin.com/jobs/view/customer-success-lead-remote-bangalore-hyderabad-at-browserstack-4211728478,2025-06-21 20:50:47,Customer Success,1,0,0,0,0,0
Browserstack,Customer Success Lead,Customer Success,Remote,Lead,https://in.linkedin.com/jobs/view/customer-success-lead-at-browserstack-4236643671,2025-06-21 20:50:47,Customer Success,1,0,0,0,0,0
Browserstack,Associate,Marketing,Remote,Junior,https://in.linkedin.com/jobs/view/associate-marketing-analytics-operations-at-browserstack-4086792197,2025-06-21 20:50:47,Other,0,0,0,0,0,1
Browserstack,Growth Marketing Strategy | Remote- Mumbai,Marketing,Remote,Mid-level,https://in.linkedin.com/jobs/view/growth-marketing-strategy-remote-mumbai-at-browserstack-4206630579,2025-06-21 20:50:47,Marketing,0,0,0,0,0,1
Browserstack,Lead,Marketing,Remote,Lead,https://in.linkedin.com/jobs/view/lead-performance-marketing-at-browserstack-4209862965,2025-06-21 20:50:47,Other,1,0,0,0,0,0
Browserstack,Revenue Marketing,Marketing,Remote,Mid-level,https://in.linkedin.com/jobs/view/lead-revenue-marketing-remote-mumbai-at-browserstack-4235529429,2025-06-21 20:50:47,Marketing,0,0,0,0,0,1
Browserstack,Lead,Engineering,Remote,Lead,https://in.linkedin.com/jobs/view/lead-developer-marketing-at-browserstack-4186073015,2025-06-21 20:50:47,Other,1,0,0,0,0,0
Browserstack,Lead,Other,Remote,Lead,https://in.linkedin.com/jobs/view/lead-global-reporting-at-browserstack-4182357410,2025-06-21 20:50:47,Other,1,0,0,0,0,0
Browserstack,Recruiter,Engineering,Remote,Mid-level,https://in.linkedin.com/jobs/view/recruiter-engineering-hiring-contract-at-browserstack-4144117928,2025-06-21 20:50:47,Design,0,0,0,0,0,1
Browserstack,Recruiter,Engineering,Remote,Mid-level,https://in.linkedin.com/jobs/view/recruiter-engineering-at-browserstack-4158198291,2025-06-21 20:50:47,Design,0,0,0,0,0,1
Browserstack,Engineering Manager,Engineering,Remote,Mid-level,https://in.linkedin.com/jobs/view/engineering-manager-at-browserstack-3935082250,2025-06-21 20:50:47,Engineering,1,0,0,0,0,0
Browserstack,Enterprise Account Executive,Other,Remote,Mid-level,https://www.linkedin.com/jobs/view/enterprise-account-executive-at-browserstack-4247477769,2025-06-21 20:50:47,Sales,0,0,0,0,0,1
Browserstack,Global Manager,Other,Do We Do,Mid-level,https://in.linkedin.com/jobs/view/global-manager-consolidation-reporting-at-browserstack-4224446943,2025-06-21 20:50:47,Other,1,0,0,0,0,0
Browserstack,Manager,Other,Remote,Mid-level,https://in.linkedin.com/jobs/view/manager-people-culture-at-browserstack-4226127551,2025-06-21 20:50:47,Other,1,0,0,0,0,0
Browserstack,Customer Engineering | Automati,Engineering,Remote,Mid-level,https://in.linkedin.com/jobs/view/technical-lead-customer-engineering-automation-testing-selenium-pre-sales-post-sales-remote-ncr-bengaluru-at-browserstack-4191419847,2025-06-21 20:50:47,Engineering,0,0,0,0,0,1
Browserstack,Solutions Engineering / Automati,Engineering,Remote,Mid-level,https://in.linkedin.com/jobs/view/customer-engineering-manager-solutions-engineering-pre-post-sales-automation-testing-selenium-at-browserstack-4213199965,2025-06-21 20:50:47,Engineering,0,0,0,0,1,0
Meesho,Senior Product Manager,Product,Remote,Senior,https://in.linkedin.com/jobs/view/senior-product-manager-at-meesho-4251659168,2025-06-21 20:50:47,Product Management,1,1,0,0,0,0
Meesho,Product Manager Ii,Product,Remote,Mid-level,https://in.linkedin.com/jobs/view/product-manager-ii-at-meesho-4249670250,2025-06-21 20:50:47,Product Management,1,1,0,0,0,0
Meesho,Associate Product Manager Ii,Product,Remote,Junior,https://in.linkedin.com/jobs/view/associate-product-manager-ii-platforms-at-meesho-4139617773,2025-06-21 20:50:47,Product Management,1,1,0,0,0,0
Meesho,Product Manager Ii,Product,Remote,Mid-level,https://in.linkedin.com/jobs/view/product-manager-ii-marketplace-at-meesho-4234287421,2025-06-21 20:50:47,Product Management,1,1,0,0,0,0
Meesho,Product Manager Ii,Product,Remote,Mid-level,https://in.linkedin.com/jobs/view/product-manager-ii-ai-at-meesho-4234086334,2025-06-21 20:50:47,Product Management,1,1,0,0,0,0
Meesho,Group Product Manager,Product,Remote,Mid-level,https://in.linkedin.com/jobs/view/group-product-manager-at-meesho-4243556616,2025-06-21 20:50:47,Product Management,1,1,0,0,0,0
Meesho,Group Product Manager,Product,Remote,Mid-level,https://in.linkedin.com/jobs/view/group-product-manager-at-meesho-4243813353,2025-06-21 20:50:47,Product Management,1,1,0,0,0,0
Meesho,Enterprise Sales Manager,Sales,Remote,Mid-level,https://in.linkedin.com/jobs/view/enterprise-sales-manager-at-meesho-4099099955,2025-06-21 20:50:47,Sales,1,0,0,0,1,0
Meesho,Sales Manager,Sales,Remote,Mid-level,https://in.linkedin.com/jobs/view/sales-manager-at-meesho-4099099955,2025-06-21 20:50:47,Sales,1,0,0,0,1,0
Meesho,Senior Associate,Sales,Remote,Junior,https://in.linkedin.com/jobs/view/senior-associate-ad-sales-at-meesho-4005824765,2025-06-21 20:50:47,Other,0,0,0,0,1,0
Meesho,Senior Business Manager,Other,Remote,Senior,https://in.linkedin.com/jobs/view/senior-business-manager-h-a-at-meesho-4151097735,2025-06-21 20:50:47,Other,1,0,0,0,0,0
Meesho,Area Manager,Other,Remote,Mid-level,https://in.linkedin.com/jobs/view/area-manager-at-meesho-4250166441,2025-06-21 20:50:47,Other,1,0,0,0,0,0
Meesho,Cluster Head,Other,Remote,Mid-level,https://in.linkedin.com/jobs/view/cluster-head-consolidation-at-meesho-4247467562,2025-06-21 20:50:47,Other,0,0,0,0,0,1
Meesho,Software Development Engineer Ii,Engineering,Remote,Mid-level,https://in.linkedin.com/jobs/view/software-development-engineer-ii-devops-at-meesho-3919092388,2025-06-21 20:50:47,Engineering,0,0,0,0,0,1
Meesho,Software Development Engineer Iv Android,Engineering,Remote,Mid-level,https://in.linkedin.com/jobs/view/software-development-engineer-iv-android-at-meesho-4249837883,2025-06-21 20:50:47,Engineering,0,0,0,0,0,1
Meesho,Software Development Engineer Iii- Frontend,Engineering,Remote,Mid-level,https://in.linkedin.com/jobs/view/software-development-engineer-iii-frontend-at-meesho-4202614214,2025-06-21 20:50:47,Engineering,0,0,0,0,0,1
Meesho,Software Development Engineer,Engineering,Remote,Mid-level,https://in.linkedin.com/jobs/view/software-development-engineer-iv-backend-at-meesho-4090630785,2025-06-21 20:50:47,Engineering,0,0,0,0,0,1
Meesho,Software Development Engineer Ii Android,Engineering,Experience In Building Maintainable And Testable Code Bases,Mid-level,https://in.linkedin.com/jobs/view/software-development-engineer-ii-android-at-meesho-4071984031,2025-06-21 20:50:47,Engineering,0,0,0,0,0,1
Meesho,Software Development Engineer Iii -Backend,Engineering,Remote,Mid-level,https://in.linkedin.com/jobs/view/software-development-engineer-iii-backend-at-meesho-4080964426,2025-06-21 20:50:47,Engineering,0,0,0,0,0,1
Meesho,Software Development Engineer,Engineering,Us For An Exciting,Mid-level,https://in.linkedin.com/jobs/view/software-development-engineer-trainee-at-teknuova-4168216932,2025-06-21 20:50:47,Engineering,0,0,0,0,0,1
