company_name,department,seniority,job_url,growth_signal_tag,processed_timestamp,growth_tag_remote_hiring_focus,growth_tag_product_team_buildout,job_title_clean,location
Chargebee,Marketing,Mid,https://www.linkedin.com/jobs/view/product-marketing-manager-at-chargebee-4236023473,"Leadership Upgrade, New Product Initiative",2025-06-21 20:16:32,False,False,Product Marketing Manager In Salt Lake ...,"Chennai, India"
Chargebee,Product,Mid,https://in.linkedin.com/jobs/view/staff-product-manager-at-chargebee-4243602661,"Leadership Upgrade, New Product Initiative",2025-06-21 20:16:32,False,True,"Staff Product Manager In Chennai, Tamil ...","Chennai, India"
Chargebee,Other,Mid,https://www.linkedin.com/jobs/view/large-enterprise-program-manager-at-chargebee-4239605424,Leadership Upgrade,2025-06-21 20:16:32,False,False,Large Enterprise Program Manager,"Chennai, India"
Chargebee,Marketing,Mid,https://in.linkedin.com/jobs/view/product-marketing-manager-saas-at-chargebee-4248768858,"Leadership Upgrade, New Product Initiative",2025-06-21 20:16:32,False,False,Product Marketing Manager -Saas,"Chennai, India"
Chargebee,Marketing,Mid,https://in.linkedin.com/jobs/view/product-marketing-manager-revenue-recognition-at-chargebee-4247319646,"Leadership Upgrade, New Product Initiative",2025-06-21 20:16:32,False,False,Product Marketing Manager,"Chennai, India"
Chargebee,Product,Mid,https://www.linkedin.com/jobs/view/business-development-representative-at-chargebee-4208315795,General Hiring,2025-06-21 20:16:32,False,True,Business Development Representative,"Chennai, India"
Chargebee,Product,Mid,https://ie.linkedin.com/jobs/view/business-development-representative-at-chargebee-3920389733,General Hiring,2025-06-21 20:16:32,False,True,Business Development Representative,"Chennai, India"
Chargebee,Product,Mid,https://in.linkedin.com/jobs/view/business-development-representative-emea-at-chargebee-4217444510,General Hiring,2025-06-21 20:16:32,False,True,Business Development Representative Emea,"Chennai, India"
Chargebee,Product,Mid,https://ie.linkedin.com/jobs/view/enterprise-business-development-representative-at-chargebee-4050293110,General Hiring,2025-06-21 20:16:32,False,True,Enterprise Business Development Representative,"Chennai, India"
Chargebee,Other,Mid,https://www.linkedin.com/jobs/view/enterprise-account-executive-at-chargebee-4159002587?refId=tOoR%2B2wMXB4BiKb65mRzCA%3D%3D&trackingId=ovFGcMQ8ZdyVM7AyC4EGtw%3D%3D,General Hiring,2025-06-21 20:16:32,False,False,Enterprise Account Executive In San Francisco ...,"Chennai, India"
Chargebee,Engineering,Mid,https://in.linkedin.com/jobs/view/software-engineer-backend-at-chargebee-4252795952,Engineering Buildout,2025-06-21 20:16:32,False,False,Software Engineer Backend,"Chennai, India"
Chargebee,Engineering,Senior,https://in.linkedin.com/jobs/view/senior-software-engineer-cloud-infrastructure-at-chargebee-4249333466,Engineering Buildout,2025-06-21 20:16:32,False,False,Senior Software Engineer,"Chennai, India"
Chargebee,Engineering,Lead,https://in.linkedin.com/jobs/view/lead-software-engineer-at-chargebee-4250572150,"Leadership Upgrade, Engineering Buildout",2025-06-21 20:16:32,False,False,Lead Software Engineer,"Chennai, India"
Chargebee,Engineering,Mid,https://in.linkedin.com/jobs/view/software-engineer-at-chargebee-4245679016,Engineering Buildout,2025-06-21 20:16:32,False,False,"Software Engineer In Chennai, Tamil ...","Chennai, India"
Chargebee,Design,Mid,https://in.linkedin.com/jobs/view/staff-product-designer-at-chargebee-4248586460,"Design Overhaul, New Product Initiative",2025-06-21 20:16:32,False,True,"Staff Product Designer In Chennai, Tamil ...","Chennai, India"
Chargebee,Design,Senior,https://www.linkedin.com/jobs/view/senior-director-design-research-at-chargebee-4081314653,Leadership Upgrade,2025-06-21 20:16:32,False,False,"Senior Director, Design & Research","Chennai, India"
Chargebee,Design,Lead,https://www.linkedin.com/jobs/view/lead-ux-product-designer-at-deloitte-4245935416,"Leadership Upgrade, Design Overhaul, New Product Initiative",2025-06-21 20:16:32,False,True,"Lead, Ux Product Designer In Atlanta, Ga","Chennai, India"
Chargebee,Design,Mid,https://www.linkedin.com/jobs/view/user-interaction-user-experience-ui-ux-designer-at-m-s-consulting-4233444269,Design Overhaul,2025-06-21 20:16:32,False,False,User Interaction/User Experience(Ui/Ux) Designer,"Chennai, India"
Chargebee,Engineering,Mid,https://in.linkedin.com/jobs/view/188171756,General Hiring,2025-06-21 20:16:32,False,False,Front End Engineer In {:Location},"Chennai, India"
Chargebee,Engineering,Senior,https://in.linkedin.com/jobs/view/senior-lead-software-engineer-at-chargebee-4212698827,"Leadership Upgrade, Engineering Buildout",2025-06-21 20:16:32,False,False,Senior Lead Software Engineer,"Chennai, India"
Chargebee,CSM,Mid,https://ie.linkedin.com/jobs/view/customer-success-manager-at-chargebee-4213549553,Leadership Upgrade,2025-06-21 20:16:32,False,False,Customer Success Manager In Ireland,"Chennai, India"
Chargebee,Other,Mid,https://www.linkedin.com/jobs/view/3829486346,General Hiring,2025-06-21 20:16:32,False,False,Global Head Of Customer Operations ...,"Chennai, India"
Chargebee,CSM,Mid,https://www.linkedin.com/jobs/view/customer-success-manager-work-from-home-at-persona-4225876206,Leadership Upgrade,2025-06-21 20:16:32,False,False,Customer Success Manager (Work From Home),"Chennai, India"
Chargebee,Other,Mid,https://www.linkedin.com/jobs/view/solution-specialist-growth-retention-at-chargebee-4074404203,General Hiring,2025-06-21 20:16:32,False,False,"Solution Specialist, Growth & Retention ...","Chennai, India"
Chargebee,CSM,Mid,https://www.linkedin.com/jobs/view/3843730546,Leadership Upgrade,2025-06-21 20:16:32,False,False,Customer Success Manager,"Chennai, India"
Chargebee,CSM,Mid,https://www.linkedin.com/jobs/view/3767433410/,Leadership Upgrade,2025-06-21 20:16:32,False,False,Customer Success Manager,"Chennai, India"
Chargebee,Marketing,Director,https://www.linkedin.com/jobs/view/director-solution-marketing-at-chargebee-3747957879,Leadership Upgrade,2025-06-21 20:16:32,False,False,"Director, Solution Marketing In Namer","Chennai, India"
Chargebee,Marketing,Senior,https://ie.linkedin.com/jobs/view/senior-director-of-marketing-operations-at-chargebee-4041617020,Leadership Upgrade,2025-06-21 20:16:32,False,False,Senior Director Of Marketing Operations,"Chennai, India"
Chargebee,Marketing,Mid,https://ie.linkedin.com/jobs/view/field-marketing-manager-at-chargebee-3884270144,Leadership Upgrade,2025-06-21 20:16:32,False,False,Field Marketing Manager In Dublin ...,"Chennai, India"
Chargebee,Data,Mid,https://in.linkedin.com/jobs/view/data-analyst-at-chargebee-188170298,General Hiring,2025-06-21 20:16:32,False,False,Data Analyst In {:Location},"Chennai, India"
Chargebee,Data,Mid,https://www.linkedin.com/jobs/view/data-analyst-remote-graveyard-at-anytime-mailbox-4198214226,General Hiring,2025-06-21 20:16:32,False,False,"Data Analyst (Remote, Graveyard) ...","Chennai, India"
Chargebee,Data,Senior,https://in.linkedin.com/jobs/view/senior-business-system-analyst-at-chargebee-4251178285,General Hiring,2025-06-21 20:16:32,False,False,Senior Business System Analyst,"Chennai, India"
Chargebee,Data,Mid,https://in.linkedin.com/jobs/view/data-scientist-at-chargebee-4246254134,General Hiring,2025-06-21 20:16:32,False,False,"Data Scientist In Chennai, Tamil Nadu ...","Chennai, India"
Chargebee,Other,Mid,https://www.linkedin.com/jobs/view/large-enterprise-program-manager-at-chargebee-4220225801,Leadership Upgrade,2025-06-21 20:16:32,False,False,Large Enterprise Program Manager,"Chennai, India"
Chargebee,Product,Mid,https://in.linkedin.com/jobs/view/learning-and-development-manager-at-chargebee-4220976643,Leadership Upgrade,2025-06-21 20:16:32,False,True,Learning And Development Manager,"Chennai, India"
Chargebee,Other,Mid,https://in.linkedin.com/jobs/view/global-people-operation-manager-at-chargebee-4194875486,Leadership Upgrade,2025-06-21 20:16:32,False,False,Global People Operation Manager,"Chennai, India"
Chargebee,Design,Mid,https://www.linkedin.com/jobs/view/business-recruiter-customer-experience-ops-g-a-contract-at-rippling-4243029061,General Hiring,2025-06-21 20:16:32,False,False,"Business Recruiter: Customer Experience, Ops, G&A ...","Chennai, India"
Chargebee,Engineering,Lead,https://in.linkedin.com/jobs/view/lead-performance-testing-engineer-at-chargebee-4248737009,Leadership Upgrade,2025-06-21 20:16:32,False,False,Lead Performance Testing Engineer,"Chennai, India"
Chargebee,Engineering,Lead,https://in.linkedin.com/jobs/view/lead-performance-testing-engineer-at-chargebee-4227379783,Leadership Upgrade,2025-06-21 20:16:32,False,False,Lead Performance Testing Engineer,"Chennai, India"
Chargebee,Other,Senior,https://www.linkedin.com/jobs/view/senior-manager-gtm-systems-at-chargebee-4159006145,Leadership Upgrade,2025-06-21 20:16:32,False,False,"Senior Manager, Gtm Systems In United States","Chennai, India"
Chargebee,Engineering,Lead,https://in.linkedin.com/jobs/view/lead-full-stack-engineer-at-chargebee-4229245330,Leadership Upgrade,2025-06-21 20:16:32,False,False,Lead Full Stack Engineer In Chennai ...,"Chennai, India"
Chargebee,Engineering,Lead,https://in.linkedin.com/jobs/view/lead-security-engineer-at-chargebee-4218025908,Leadership Upgrade,2025-06-21 20:16:32,False,False,Lead Security Engineer,"Chennai, India"
Plum Insurance,Product,Senior,https://in.linkedin.com/jobs/view/senior-product-manager-at-plum-4233979349,"Leadership Upgrade, New Product Initiative",2025-06-21 20:16:32,False,True,Senior Product Manager In Bengaluru ...,"Bangalore, India"
Plum Insurance,Product,Senior,https://in.linkedin.com/jobs/view/senior-product-manager-at-plum-4205239403,"Leadership Upgrade, New Product Initiative",2025-06-21 20:16:32,False,True,Senior Product Manager,"Bangalore, India"
Plum Insurance,Product,Mid,https://in.linkedin.com/jobs/view/product-manager-ii-at-plum-4205234930,"Leadership Upgrade, New Product Initiative",2025-06-21 20:16:32,False,True,Product Manager Ii,"Bangalore, India"
Plum Insurance,Marketing,Senior,https://in.linkedin.com/jobs/view/senior-product-marketing-manager-at-plum-4245640035,"Leadership Upgrade, New Product Initiative",2025-06-21 20:16:32,False,False,Senior Product Marketing Manager,"Bangalore, India"
Plum Insurance,Product,Mid,https://uk.linkedin.com/jobs/view/group-product-manager-savings-at-plum-4225520957,"Leadership Upgrade, New Product Initiative",2025-06-21 20:16:32,False,True,Group Product Manager (Savings),"Bangalore, India"
Plum Insurance,Sales,Lead,https://in.linkedin.com/jobs/view/sales-leader-multiple-locations-at-plum-4218342457,"Leadership Upgrade, Go-To-Market Expansion",2025-06-21 20:16:32,False,False,Sales Leader,"Bangalore, India"
Plum Insurance,Other,Mid,https://www.linkedin.com/jobs/view/account-executive-at-plum-commercial-real-estate-lending-4227524557,General Hiring,2025-06-21 20:16:32,False,False,Account Executive,"Bangalore, India"
Plum Insurance,Sales,Mid,https://in.linkedin.com/jobs/view/account-executive-smb-sales-at-plum-4228243385,Go-To-Market Expansion,2025-06-21 20:16:32,False,False,"Account Executive, Smb Sales","Bangalore, India"
Plum Insurance,Sales,Mid,https://www.linkedin.com/jobs/view/outside-sales-representative-at-platinum-supplemental-insurance-inc-4138175322,Go-To-Market Expansion,2025-06-21 20:16:32,False,False,Outside Sales Representative,"Bangalore, India"
Plum Insurance,Sales,VP,https://www.linkedin.com/jobs/view/vp-voluntary-insurance-sales-account-management-at-ebg-4219381733,"Leadership Upgrade, Go-To-Market Expansion",2025-06-21 20:16:32,False,False,"Vp, Voluntary Insurance, Sales & Account Management","Bangalore, India"
Plum Insurance,Engineering,Mid,https://in.linkedin.com/jobs/view/software-engineer-ii-ios-at-plum-4245639149,Engineering Buildout,2025-06-21 20:16:32,False,False,Software Engineer Ii,"Bangalore, India"
Plum Insurance,Engineering,Mid,https://in.linkedin.com/jobs/view/software-engineer-ii-full-stack-at-plum-4053046170,Engineering Buildout,2025-06-21 20:16:32,False,False,Software Engineer,"Bangalore, India"
Plum Insurance,Engineering,Mid,https://in.linkedin.com/jobs/view/software-engineer-ii-backend-at-plum-4082196468,Engineering Buildout,2025-06-21 20:16:32,False,False,Software Engineer,"Bangalore, India"
Plum Insurance,Engineering,Mid,https://in.linkedin.com/jobs/view/software-engineer-iii-frontend-at-plum-4182475157,Engineering Buildout,2025-06-21 20:16:32,False,False,Software Engineer,"Bangalore, India"
Plum Insurance,Engineering,Mid,https://in.linkedin.com/jobs/view/software-engineer-iii-fullstack-at-plum-4175549984,Engineering Buildout,2025-06-21 20:16:32,False,False,Software Engineer Iii,"Bangalore, India"
Plum Insurance,Other,Mid,https://in.linkedin.com/jobs/view/se-ii-ios-at-plum-3709789510,General Hiring,2025-06-21 20:16:32,False,False,97 Plum Jobs In India (3 New),"Bangalore, India"
Plum Insurance,Design,Mid,https://www.linkedin.com/jobs/view/4068226565,General Hiring,2025-06-21 20:16:32,False,False,Ux Researcher,"Bangalore, India"
Plum Insurance,Design,Senior,https://uk.linkedin.com/jobs/view/senior-product-designer-ai-at-plum-4093234496,"Design Overhaul, New Product Initiative",2025-06-21 20:16:32,False,True,Senior Product Designer,"Bangalore, India"
Plum Insurance,Design,Senior,https://www.linkedin.com/jobs/view/senior-digital-ux-ui-designer-at-tonic3-4223396866,Design Overhaul,2025-06-21 20:16:32,False,False,Senior Digital Ux/Ui Designer,"Bangalore, India"
Plum Insurance,Design,Senior,https://gr.linkedin.com/jobs/view/product-designer-at-plum-4065574320,"Design Overhaul, New Product Initiative",2025-06-21 20:16:32,False,True,Plum Προσλήψεις Senior Product Designer,"Bangalore, India"
Plum Insurance,Other,Lead,https://in.linkedin.com/jobs/view/lead-web-experiences-at-plum-4188125753,Leadership Upgrade,2025-06-21 20:16:32,False,False,Lead,"Bangalore, India"
Plum Insurance,CSM,Mid,https://in.linkedin.com/jobs/view/customer-success-executive-endorsements-at-plum-4223608802,General Hiring,2025-06-21 20:16:32,False,False,"Customer Success Executive, Endorsements","Bangalore, India"
Plum Insurance,CSM,Mid,https://in.linkedin.com/jobs/view/customer-success-manager-at-plum-4194705646,Leadership Upgrade,2025-06-21 20:16:32,False,False,Customer Success Manager,"Bangalore, India"
Plum Insurance,CSM,Mid,https://in.linkedin.com/jobs/view/customer-success-executive-at-plum-4247183981,General Hiring,2025-06-21 20:16:32,False,False,Customer Success Executive In Bangalore ...,"Bangalore, India"
Plum Insurance,CSM,Junior,https://in.linkedin.com/jobs/view/customer-success-associate-at-skill-veda-4192108716,General Hiring,2025-06-21 20:16:32,False,False,Customer Success Associate ...,"Bangalore, India"
Plum Insurance,Marketing,Mid,https://www.linkedin.com/jobs/view/leasing-marketing-agent-the-green-at-plum-creek-at-embrey-4226285925,General Hiring,2025-06-21 20:16:32,False,False,Leasing & Marketing Agent,"Bangalore, India"
Plum Insurance,Marketing,Mid,https://www.linkedin.com/jobs/view/4068427366/,Leadership Upgrade,2025-06-21 20:16:32,False,False,Growth Marketing Manager (Referrals) In Athens ...,"Bangalore, India"
Plum Insurance,Marketing,Mid,https://www.linkedin.com/jobs/view/marketing-coordinator-insurance-placement-services-at-assuredpartners-4229344645,General Hiring,2025-06-21 20:16:32,False,False,"Marketing Coordinator, Insurance Placement Services","Bangalore, India"
Plum Insurance,Data,Mid,https://cy.linkedin.com/jobs/view/data-analyst-at-plum-4225527121,General Hiring,2025-06-21 20:16:32,False,False,Data Analyst In Nicosia ...,"Bangalore, India"
Plum Insurance,Data,Senior,https://cy.linkedin.com/jobs/view/senior-data-analyst-at-plum-4080245561,General Hiring,2025-06-21 20:16:32,False,False,Senior Data Analyst In Nicosia ...,"Bangalore, India"
Plum Insurance,Data,Senior,https://uk.linkedin.com/jobs/view/senior-data-analyst-at-plum-4216100003,General Hiring,2025-06-21 20:16:32,False,False,"Senior Data Analyst In London, England, United ...","Bangalore, India"
Plum Insurance,Data,Mid,https://gr.linkedin.com/jobs/view/data-analyst-at-plum-4230746277?refId=A0uv3oVPAxxDiF9muhM0WQ%3D%3D&trackingId=Z1llHEXTDKli2kSJSEmyRQ%3D%3D,General Hiring,2025-06-21 20:16:32,False,False,Plum Προσλήψεις Data Analyst Σε Athens,"Bangalore, India"
Plum Insurance,Engineering,Mid,https://www.linkedin.com/jobs/view/data-engineer-sr-at-wiraa-4245913846,General Hiring,2025-06-21 20:16:32,False,False,"Data Engineer, Sr. In United States","Bangalore, India"
Plum Insurance,Design,Lead,https://in.linkedin.com/jobs/view/talent-acquisition-lead-leadership-hiring-at-plum-4251512241,Leadership Upgrade,2025-06-21 20:16:32,False,False,Talent Acquisition Lead (Leadership Hiring),"Bangalore, India"
Plum Insurance,Data,Senior,https://www.linkedin.com/jobs/view/senior-data-scientist-at-plum-commercial-real-estate-lending-4230835481,General Hiring,2025-06-21 20:16:32,False,False,Senior Data ...,"Bangalore, India"
Plum Insurance,HR,Mid,https://in.linkedin.com/jobs/view/hr-business-partner-tech-at-plum-4250581394,General Hiring,2025-06-21 20:16:32,False,False,Hr Business Partner,"Bangalore, India"
Plum Insurance,Design,Mid,https://in.linkedin.com/jobs/view/talent-acquisition-partner-at-plum-4217294840,General Hiring,2025-06-21 20:16:32,False,False,"Talent Acquisition Partner In Bangalore Urban, ...","Bangalore, India"
Plum Insurance,Engineering,Lead,https://cy.linkedin.com/jobs/view/engineering-lead-at-plum-4148684781,Leadership Upgrade,2025-06-21 20:16:32,False,False,Engineering Lead In Nicosia ...,"Bangalore, India"
Plum Insurance,Engineering,Senior,https://uk.linkedin.com/jobs/view/senior-engineering-lead-brokerage-at-plum-4249016099,Leadership Upgrade,2025-06-21 20:16:32,True,False,Senior Engineering Lead (Brokerage),"Bangalore, India"
Plum Insurance,Engineering,Lead,https://cy.linkedin.com/jobs/view/engineering-lead-core-experience-at-plum-3936130537,Leadership Upgrade,2025-06-21 20:16:32,False,False,Engineering Lead (Core Experience) ...,"Bangalore, India"
Plum Insurance,Engineering,Director,https://cy.linkedin.com/jobs/view/director-of-engineering-at-plum-4246351618,Leadership Upgrade,2025-06-21 20:16:32,False,False,Director Of Engineering In Nicosia ...,"Bangalore, India"
Yellow.ai,Other,Mid,https://in.linkedin.com/jobs/view/product-specialist-at-yellow-ai-4205795928,New Product Initiative,2025-06-21 20:16:32,False,False,"Product Specialist In Bengaluru, Karnataka ...","San Mateo, USA"
Yellow.ai,CSM,Senior,https://www.linkedin.com/jobs/view/senior-customer-success-manager-at-yellow-ai-4240944536,Leadership Upgrade,2025-06-21 20:16:32,False,False,Senior Customer Success Manager,"San Mateo, USA"
Yellow.ai,Other,Mid,https://www.linkedin.com/jobs/view/engagement-manager-product-transformation-retail-industry-at-capital-markets-placement-4224958835,"Leadership Upgrade, New Product Initiative",2025-06-21 20:16:32,False,False,Engagement Manager,"San Mateo, USA"
Yellow.ai,Other,Mid,https://www.linkedin.com/jobs/view/experienced-product-coach-at-product-career-accelerator-4238291906,New Product Initiative,2025-06-21 20:16:32,False,False,Experienced Product Coach,"San Mateo, USA"
Yellow.ai,Other,Mid,https://in.linkedin.com/jobs/view/enterprise-account-manager-at-yellow-ai-4250412420,Leadership Upgrade,2025-06-21 20:16:32,False,False,Enterprise Account Manager In Bengaluru ...,"San Mateo, USA"
Yellow.ai,Marketing,Mid,https://sg.linkedin.com/jobs/view/regional-marketing-manager-at-yellow-ai-3749190284,Leadership Upgrade,2025-06-21 20:16:32,False,False,Regional Marketing Manager,"San Mateo, USA"
Yellow.ai,Sales,Senior,https://sg.linkedin.com/jobs/view/senior-sales-director-at-yellow-ai-4213896912,"Leadership Upgrade, Go-To-Market Expansion",2025-06-21 20:16:32,False,False,Senior Sales Director,"San Mateo, USA"
Yellow.ai,Sales,Mid,https://sg.linkedin.com/jobs/view/enterprise-sales-manager-at-yellow-ai-4143860797,"Leadership Upgrade, Go-To-Market Expansion",2025-06-21 20:16:32,False,False,Enterprise Sales Manager,"San Mateo, USA"
Yellow.ai,Product,Mid,https://in.linkedin.com/jobs/view/business-development-representative-at-conversas-inteligentes-by-yellow-ai-4235910837,General Hiring,2025-06-21 20:16:32,False,False,Business Development Representative,"San Mateo, USA"
Yellow.ai,Other,Mid,https://ae.linkedin.com/jobs/view/enterprise-account-executive-at-yellow-ai-4224330021,General Hiring,2025-06-21 20:16:32,False,False,Enterprise Account Executive,"San Mateo, USA"
Yellow.ai,Sales,Mid,https://www.linkedin.com/jobs/view/presales-solutions-consultant-at-yellow-ai-4157301578?lg=en,Go-To-Market Expansion,2025-06-21 20:16:32,False,False,Presales Solutions Consultant,"San Mateo, USA"
Yellow.ai,Engineering,Mid,https://in.linkedin.com/jobs/view/software-development-engineer-voip-platform-at-yellow-ai-4248381580,General Hiring,2025-06-21 20:16:32,False,False,Software Development Engineer,"San Mateo, USA"
Yellow.ai,Engineering,Mid,https://in.linkedin.com/jobs/view/ai-ml-engineer-at-yellow-ai-4218615397,General Hiring,2025-06-21 20:16:32,False,False,"Ai / Ml Engineer In Bengaluru, Karnataka ...","San Mateo, USA"
Yellow.ai,Engineering,Mid,https://in.linkedin.com/jobs/view/devops-engineer-at-yellow-ai-4192932433,General Hiring,2025-06-21 20:16:32,False,False,"Devops Engineer In Bengaluru, Karnataka ...","San Mateo, USA"
Yellow.ai,Engineering,Mid,https://in.linkedin.com/jobs/view/site-reliability-engineer-aws-azure-at-yellow-ai-4182366583,General Hiring,2025-06-21 20:16:32,False,False,Site Reliability Engineer,"San Mateo, USA"
Yellow.ai,Engineering,Mid,https://in.linkedin.com/jobs/view/yellow-ai-devops-engineer-cloud-infrastructure-at-yellow-ai-4197606125,General Hiring,2025-06-21 20:16:32,False,False,Yellow.Ai,"San Mateo, USA"
Yellow.ai,Engineering,Mid,https://in.linkedin.com/jobs/view/yellow-ai-support-engineer-it-automation-at-yellow-ai-4193624729,General Hiring,2025-06-21 20:16:32,False,False,Yellow.Ai,"San Mateo, USA"
Yellow.ai,Engineering,Mid,https://www.linkedin.com/jobs/view/ux-developer-%2B-designer-at-scout-collective-4245587778,Design Overhaul,2025-06-21 20:16:32,False,False,Ux Developer + Designer,"San Mateo, USA"
Yellow.ai,Design,Intern,https://www.linkedin.com/jobs/view/ux-ui-designer-intern-unpaid-at-savestate-ai-4193934984,Design Overhaul,2025-06-21 20:16:32,False,False,Ux/Ui Designer Intern (Unpaid) In New York ...,"San Mateo, USA"
Yellow.ai,Design,Mid,https://in.linkedin.com/jobs/view/ux-designer-at-yellow-slice-208236296,Design Overhaul,2025-06-21 20:16:32,False,False,Ux Designer,"San Mateo, USA"
Yellow.ai,Design,Mid,https://in.linkedin.com/jobs/view/ui-ux-designer-at-yellow-slice-196188684,Design Overhaul,2025-06-21 20:16:32,False,False,Ui / Ux Designer In {:Location},"San Mateo, USA"
Yellow.ai,Engineering,Mid,https://in.linkedin.com/jobs/view/salesforce-experience-cloud-developer-ui-ux-design-at-marktine-it-solutions-4232688027,Go-To-Market Expansion,2025-06-21 20:16:32,False,False,Salesforce Experience Cloud Developer (Ui/Ux Design),"San Mateo, USA"
Yellow.ai,CSM,Mid,https://id.linkedin.com/jobs/view/customer-success-manager-at-yellow-ai-3536807178,Leadership Upgrade,2025-06-21 20:16:32,False,False,Customer Success Manager,"San Mateo, USA"
Yellow.ai,CSM,Mid,https://www.linkedin.com/jobs/view/customer-success-manager-at-cobalt-intelligence-secretary-of-state-api-4242648189,Leadership Upgrade,2025-06-21 20:16:32,False,False,Customer Success Manager,"San Mateo, USA"
Yellow.ai,CSM,Mid,https://ae.linkedin.com/jobs/view/customer-success-manager-at-yellow-ai-4028708989,Leadership Upgrade,2025-06-21 20:16:32,False,False,Customer Success Manager,"San Mateo, USA"
Yellow.ai,CSM,Mid,https://www.linkedin.com/jobs/view/customer-success-manager-i-at-brex-4184933707,Leadership Upgrade,2025-06-21 20:16:32,False,False,Customer Success Manager I,"San Mateo, USA"
Yellow.ai,CSM,Senior,https://www.linkedin.com/jobs/view/senior-customer-success-manager-strategic-accounts-east-at-abnormal-ai-4207130349,Leadership Upgrade,2025-06-21 20:16:32,False,False,"Senior Customer Success Manager, Strategic Accounts ...","San Mateo, USA"
Yellow.ai,CSM,Mid,https://www.linkedin.com/jobs/view/customer-success-manager-at-castellum-ai-4249890560,Leadership Upgrade,2025-06-21 20:16:32,False,False,Customer Success Manager,"San Mateo, USA"
Yellow.ai,Marketing,Mid,https://in.linkedin.com/jobs/view/ai-marketing-executive-at-yellow-catalog-company-online-business-directory-4207691998,General Hiring,2025-06-21 20:16:32,False,False,Ai Marketing Executive,"San Mateo, USA"
Yellow.ai,Marketing,Mid,https://id.linkedin.com/jobs/view/field-marketing-manager-at-yellow-ai-3902503139,Leadership Upgrade,2025-06-21 20:16:32,False,False,Field Marketing Manager,"San Mateo, USA"
Yellow.ai,Marketing,Intern,https://www.linkedin.com/jobs/view/marketing-ai-systems-intern-at-yellow-card-properties-4173130012,General Hiring,2025-06-21 20:16:32,False,False,Marketing & Ai Systems Intern,"San Mateo, USA"
Yellow.ai,Sales,Senior,https://sg.linkedin.com/jobs/view/senior-sales-director-at-yellow-ai-4204747760,"Leadership Upgrade, Go-To-Market Expansion",2025-06-21 20:16:32,False,False,Senior Sales Director,"San Mateo, USA"
Yellow.ai,Data,Mid,https://gi.linkedin.com/jobs/view/fraud-data-analyst-at-yellow-social-interactive-4236366765,General Hiring,2025-06-21 20:16:32,False,False,Fraud Data Analyst ...,"San Mateo, USA"
Yellow.ai,Data,Senior,https://gi.linkedin.com/jobs/view/senior-data-analyst-at-yellow-social-interactive-2638319339?refId=yb5zOuMOS%2Bt7tXXdRDDluA%3D%3D&trackingId=3VJgyAenaFsV9vJscdzi5Q%3D%3D&position=3&pageNum=0&trk=public_jobs_jserp-result_search-card,General Hiring,2025-06-21 20:16:32,False,False,Senior Data Analyst In ...,"San Mateo, USA"
Yellow.ai,Design,Mid,https://in.linkedin.com/jobs/view/gtm-recruiter-at-yellow-ai-4150414276,General Hiring,2025-06-21 20:16:32,False,False,"Gtm Recruiter In Bengaluru, Karnataka, India","San Mateo, USA"
Yellow.ai,Design,Intern,https://sg.linkedin.com/jobs/view/recruiting-intern-at-yellow-ai-4202288792,General Hiring,2025-06-21 20:16:32,False,False,Recruiting Intern In Singapore,"San Mateo, USA"
Yellow.ai,Other,Mid,https://in.linkedin.com/jobs/view/specialist-people-operations-at-yellow-ai-4157166299,General Hiring,2025-06-21 20:16:32,False,False,Specialist,"San Mateo, USA"
Yellow.ai,Design,Mid,https://sg.linkedin.com/jobs/view/recruiter-headhunter-remote-full-commission-based-at-timely-find-4143108597,General Hiring,2025-06-21 20:16:32,True,False,Recruiter,"San Mateo, USA"
Yellow.ai,Data,Mid,https://in.linkedin.com/jobs/view/yellow-ai-grc-analyst-vulnerability-management-at-yellow-ai-4194530132,General Hiring,2025-06-21 20:16:32,False,False,Yellow.Ai,"San Mateo, USA"
Yellow.ai,Engineering,Mid,https://in.linkedin.com/jobs/view/voice-engineer-at-yellow-ai-4218615383,General Hiring,2025-06-21 20:16:32,False,False,"Voice Engineer In Bengaluru, Karnataka ...","San Mateo, USA"
Yellow.ai,Other,Lead,https://in.linkedin.com/jobs/view/lead-speech-ai-scientist-%E2%80%93-multilingual-asr-at-yal-ai-4215254672,Leadership Upgrade,2025-06-21 20:16:32,False,False,Lead Speech Ai Scientist,"San Mateo, USA"
Yellow.ai,Engineering,Lead,https://in.linkedin.com/jobs/view/lead-ai-engineer-at-isteer-4223296558,Leadership Upgrade,2025-06-21 20:16:32,False,False,"Lead Ai Engineer In Bengaluru, Karnataka, India","San Mateo, USA"
Yellow.ai,Engineering,Lead,https://in.linkedin.com/jobs/view/lead-ai-engineer-machine-learning-at-zs-4204806567,Leadership Upgrade,2025-06-21 20:16:32,False,False,Lead Ai Engineer,"San Mateo, USA"
Yellow.ai,Engineering,Mid,https://in.linkedin.com/jobs/view/site-reliability-engineer-at-yellow-ai-4169914492,General Hiring,2025-06-21 20:16:32,False,False,Site Reliability Engineer,"San Mateo, USA"
Graphy,Product,Mid,https://in.linkedin.com/jobs/view/product-manager-at-graphy-inc-4243284948,"Leadership Upgrade, New Product Initiative",2025-06-21 20:16:32,False,True,Product Manager,"Bangalore, India"
Graphy,Other,Intern,https://in.linkedin.com/jobs/view/product-operations-intern-at-graphy-inc-4226896460,New Product Initiative,2025-06-21 20:16:32,False,False,Product Operations Intern,"Bangalore, India"
Graphy,Product,Mid,https://in.linkedin.com/jobs/view/sales-development-executive-us-at-graphy-inc-4212687401,Go-To-Market Expansion,2025-06-21 20:16:32,False,True,Sales Development Executive (Us),"Bangalore, India"
Graphy,Product,Intern,https://in.linkedin.com/jobs/view/intern-sales-development-at-graphy-inc-4235884753,Go-To-Market Expansion,2025-06-21 20:16:32,False,True,"Intern, Sales Development","Bangalore, India"
Graphy,Product,Mid,https://in.linkedin.com/jobs/view/sales-development-executive-at-graphy-inc-4250509191,Go-To-Market Expansion,2025-06-21 20:16:32,False,True,Sales Development Executive,"Bangalore, India"
Graphy,Product,Junior,https://in.linkedin.com/jobs/view/sales-development-associate-at-graphy-inc-4148583406,Go-To-Market Expansion,2025-06-21 20:16:32,False,True,Sales Development Associate,"Bangalore, India"
Graphy,Product,Junior,https://in.linkedin.com/jobs/view/sales-development-associate-at-graphy-inc-4176669383,Go-To-Market Expansion,2025-06-21 20:16:32,False,True,Sales Development Associate ...,"Bangalore, India"
Graphy,Engineering,Mid,https://in.linkedin.com/jobs/view/frontend-developer-at-graphy-inc-4224617641,General Hiring,2025-06-21 20:16:32,False,False,Frontend Developer In Bangalore Urban ...,"Bangalore, India"
Graphy,Engineering,Mid,https://in.linkedin.com/jobs/view/backend-engineer-at-graphy-inc-4158521540,General Hiring,2025-06-21 20:16:32,False,False,Backend Engineer,"Bangalore, India"
Graphy,Design,Mid,https://in.linkedin.com/jobs/view/web-designer-at-graphy-inc-4145617917,Design Overhaul,2025-06-21 20:16:32,False,False,"Web Designer In Bengaluru, Karnataka ...","Bangalore, India"
Graphy,Engineering,Senior,https://pk.linkedin.com/jobs/view/senior-full-stack-laravel-developer-at-designo-graphy-4192788783,General Hiring,2025-06-21 20:16:32,False,False,Senior Full Stack Laravel Developer,"Bangalore, India"
Graphy,Engineering,Mid,https://in.linkedin.com/jobs/view/android-developer-at-graphy-inc-4175281694,General Hiring,2025-06-21 20:16:32,False,False,Android Developer,"Bangalore, India"
Graphy,Engineering,Mid,https://pk.linkedin.com/jobs/view/full-stack-web-developer-at-designo-graphy-4032204073,General Hiring,2025-06-21 20:16:32,True,False,Full Stack Web Developer In Pakistan,"Bangalore, India"
Graphy,Engineering,Senior,https://pk.linkedin.com/jobs/view/senior-web-developer-at-designo-graphy-3363423865,General Hiring,2025-06-21 20:16:32,False,False,Senior Web Developer In Pakistan,"Bangalore, India"
Graphy,Design,Mid,https://in.linkedin.com/jobs/view/intern-ui-ux-design-at-graphy-inc-4236596496,General Hiring,2025-06-21 20:16:32,False,False,"Ui/Ux Design In Bengaluru, Karnataka, India","Bangalore, India"
Graphy,Design,Mid,https://hk.linkedin.com/jobs/view/ui-ux-designer-graphic-designer-at-adecco-4197705855,Design Overhaul,2025-06-21 20:16:32,False,False,Ui/Ux Designer / Graphic Designer,"Bangalore, India"
Graphy,Design,Mid,https://www.linkedin.com/jobs/view/ux-ui-web-designer-figma-at-the-spartan-it-group-llc-4136486029,Design Overhaul,2025-06-21 20:16:32,False,False,Ux/Ui Web Designer (Figma),"Bangalore, India"
Graphy,Design,Mid,https://www.linkedin.com/jobs/view/designer-graphic-ui-ux-designer-at-remote-sharks-4171966288,Design Overhaul,2025-06-21 20:16:32,False,False,Designer (Graphic/Ui/Ux Designer),"Bangalore, India"
Graphy,Design,Mid,https://www.linkedin.com/jobs/view/visual-designer-android-and-pixel-ux-at-google-4238806459,Design Overhaul,2025-06-21 20:16:32,False,False,"Visual Designer, Android And Pixel Ux","Bangalore, India"
Graphy,CSM,Mid,https://in.linkedin.com/jobs/view/customer-success-manager-at-graphy-inc-4235097846,Leadership Upgrade,2025-06-21 20:16:32,False,False,Customer Success Manager,"Bangalore, India"
Graphy,CSM,Intern,https://in.linkedin.com/jobs/view/customer-success-intern-at-graphy-inc-4250890317,General Hiring,2025-06-21 20:16:32,False,False,Customer Success Intern,"Bangalore, India"
Graphy,CSM,Junior,https://in.linkedin.com/jobs/view/associate-senior-associate-customer-success-at-graphy-inc-4208028016,General Hiring,2025-06-21 20:16:32,False,False,"Associate / Senior Associate, Customer Success","Bangalore, India"
Graphy,CSM,Mid,https://in.linkedin.com/jobs/view/customer-success-manager-at-shopalyst-4185428539,Leadership Upgrade,2025-06-21 20:16:32,False,False,Customer Success Manager,"Bangalore, India"
Graphy,CSM,Mid,https://in.linkedin.com/jobs/view/customer-success-manager-at-milestone-inc-4150036113,Leadership Upgrade,2025-06-21 20:16:32,False,False,Customer Success Manager,"Bangalore, India"
Graphy,Marketing,Intern,https://in.linkedin.com/jobs/view/marketing-intern-at-graphy-inc-4238095126,General Hiring,2025-06-21 20:16:32,False,False,Marketing Intern,"Bangalore, India"
Graphy,Marketing,Intern,https://in.linkedin.com/jobs/view/marketing-intern-at-graphy-inc-4181295852,General Hiring,2025-06-21 20:16:32,False,False,Marketing Intern,"Bangalore, India"
Graphy,Marketing,Lead,https://in.linkedin.com/jobs/view/influencer-marketing-lead-at-graphy-inc-4191534614,Leadership Upgrade,2025-06-21 20:16:32,False,False,Influencer Marketing Lead,"Bangalore, India"
Graphy,Design,Mid,https://pk.linkedin.com/jobs/view/social-media-marketing-specialist-at-designo-graphy-4174148301,General Hiring,2025-06-21 20:16:32,False,False,Social Media Marketing Specialist,"Bangalore, India"
Graphy,Data,Mid,https://www.linkedin.com/jobs/view/data-scientist-%E2%80%93-graph-analysis-algorithms-fully-cleared-at-intelliforce-it-solutions-group-llc-4238972698,General Hiring,2025-06-21 20:16:32,False,False,Data Scientist,"Bangalore, India"
Graphy,Data,Senior,https://www.linkedin.com/jobs/view/senior-data-consultant-graph-semantics-at-lensa-4252529480,General Hiring,2025-06-21 20:16:32,False,False,Senior Data Consultant,"Bangalore, India"
Graphy,Data,Mid,https://www.linkedin.com/jobs/view/data-analyst-at-santcore-technologies-4227687776,General Hiring,2025-06-21 20:16:32,False,False,"Data Analyst In Rockville, Md","Bangalore, India"
Graphy,Data,Mid,https://www.linkedin.com/jobs/view/data-analyst-at-bgb-group-4140181685,General Hiring,2025-06-21 20:16:32,False,False,Data Analyst,"Bangalore, India"
Graphy,Data,Mid,https://www.linkedin.com/jobs/view/data-scientist-graph-analysis-at-visionist-inc-4239795737,General Hiring,2025-06-21 20:16:32,False,False,Data Scientist (Graph Analysis),"Bangalore, India"
Graphy,Engineering,Mid,https://www.linkedin.com/jobs/view/neo4j-tiger-graph-developer-full-time-pittsburgh-pa-cleveland-oh-dallas-tx-3-days-onsite-in-a-week-hybrid-at-jobs-via-dice-4250308824,General Hiring,2025-06-21 20:16:32,False,False,"Neo4J / Tiger Graph Developer (Full Time) (Pittsburgh, Pa ...","Bangalore, India"
Graphy,Other,Senior,https://www.linkedin.com/jobs/view/manager-and-senior-experienced-hires-at-graph-strategy-4152379952?position=33&pageNum=0&refId=6h0yEuaYyqbvYE9WHHXTUQ%3D%3D&trackingId=nFzBbCogUtuowcOUoUmxXA%3D%3D,Leadership Upgrade,2025-06-21 20:16:32,False,False,Manager And Senior Experienced Hires,"Bangalore, India"
Graphy,Design,Mid,https://www.linkedin.com/jobs/view/full-desk-recruiter-100%25-remote-%2B-commission-at-shtudy-4250118278,General Hiring,2025-06-21 20:16:32,False,False,Full Desk Recruiter,"Bangalore, India"
Graphy,Engineering,Mid,https://www.linkedin.com/jobs/view/software-engineering-search-and-knowledge-graph-at-tableau-4188340443,Engineering Buildout,2025-06-21 20:16:32,False,False,Software Engineering,"Bangalore, India"
Graphy,Engineering,Lead,https://www.linkedin.com/jobs/view/graph-lead-developer-fulltime-at-aklip-technologies-4253167443,Leadership Upgrade,2025-06-21 20:16:32,False,False,Graph Lead Developer (Fulltime),"Bangalore, India"
Graphy,Engineering,Lead,https://www.linkedin.com/jobs/view/graph-lead-developer-at-aklip-technologies-4252041335,Leadership Upgrade,2025-06-21 20:16:32,False,False,Graph Lead Developer,"Bangalore, India"
Graphy,Engineering,Lead,https://www.linkedin.com/jobs/view/graph-lead-developer-at-jobs-via-dice-4251508557,Leadership Upgrade,2025-06-21 20:16:32,False,False,"Graph Lead Developer In Pittsburgh, Pa","Bangalore, India"
Graphy,Engineering,Senior,https://www.linkedin.com/jobs/view/senior-machine-learning-engineering-manager-knowledge-graph-at-atlassian-4219010233,Leadership Upgrade,2025-06-21 20:16:32,False,False,Senior Machine Learning Engineering Manager,"Bangalore, India"
Graphy,Engineering,Senior,https://www.linkedin.com/jobs/view/senior-machine-learning-engineering-manager-teamwork-graph-at-atlassian-4216593862,Leadership Upgrade,2025-06-21 20:16:32,False,False,Senior Machine Learning Engineering Manager,"Bangalore, India"
Graphy,Engineering,Senior,https://www.linkedin.com/jobs/view/senior-software-engineer-graph-database-at-tanium-4251816199,Engineering Buildout,2025-06-21 20:16:32,False,False,Senior Software Engineer,"Bangalore, India"
Kala.ai,Product,Mid,https://al.linkedin.com/jobs/view/product-manager-at-kalaja-talent-consulting-4115978881,"Leadership Upgrade, New Product Initiative",2025-06-21 20:16:32,False,True,Product Manager,"Nicosia, Cyprus"
Kala.ai,Sales,Mid,https://in.linkedin.com/jobs/view/b2b-sales-and-marketing-executive-at-kala-ai-and-expert-based-hiring-4198340083,Go-To-Market Expansion,2025-06-21 20:16:32,False,False,B2B Sales And Marketing Executive,"Nicosia, Cyprus"
Kala.ai,HR,Junior,https://in.linkedin.com/jobs/view/strategy-and-operations-associate-at-firstprinciples-holding-company-4160674668,General Hiring,2025-06-21 20:16:32,False,False,Hr Strategy And Operations Associate,"Nicosia, Cyprus"
Kala.ai,Other,Mid,https://www.linkedin.com/jobs/view/project-architect-at-kala-performance-homes-4248907172,General Hiring,2025-06-21 20:16:32,False,False,Project Architect,"Nicosia, Cyprus"
Kala.ai,Other,Mid,https://in.linkedin.com/jobs/view/social-media-executive-at-kala-cassette-4249515398,General Hiring,2025-06-21 20:16:32,False,False,Social Media Executive ...,"Nicosia, Cyprus"
Kala.ai,Other,Mid,https://www.linkedin.com/jobs/view/administrative-specialist-at-kala-solutions-com-4171499355,General Hiring,2025-06-21 20:16:32,False,False,Administrative Specialist In Fort ...,"Nicosia, Cyprus"
Kala.ai,Other,Mid,https://www.linkedin.com/jobs/view/administrative-specialist-at-kala-solutions-com-4171479223,General Hiring,2025-06-21 20:16:32,False,False,Administrative Specialist In Kendall ...,"Nicosia, Cyprus"
Kala.ai,Sales,Mid,https://in.linkedin.com/jobs/view/b2b-sales-executive-multiple-locations-at-kala-ai-and-expert-based-hiring-4183360731,Go-To-Market Expansion,2025-06-21 20:16:32,False,False,B2B Sales Executive,"Nicosia, Cyprus"
Kala.ai,Sales,Mid,https://www.linkedin.com/jobs/view/inside-sales-representative-new-business-at-kala-brand-music-136337265,Go-To-Market Expansion,2025-06-21 20:16:32,False,False,Inside Sales Representative,"Nicosia, Cyprus"
Kala.ai,Product,Mid,https://in.linkedin.com/jobs/view/business-development-manager-at-kala-imaginarium-4238393174,Leadership Upgrade,2025-06-21 20:16:32,False,True,Business Development Manager ...,"Nicosia, Cyprus"
Kala.ai,Sales,Mid,https://www.linkedin.com/jobs/view/treasury-management-regional-sales-manager-at-encore-bank-4231971315,Go-To-Market Expansion,2025-06-21 20:16:32,False,False,Treasury Management Regional Sales ...,"Nicosia, Cyprus"
Kala.ai,Product,Mid,https://www.linkedin.com/jobs/view/manager-business-development-wireless-us-world-wide-accounts-at-wesco-4221747195,Leadership Upgrade,2025-06-21 20:16:32,False,True,Manager,"Nicosia, Cyprus"
Kala.ai,Sales,Mid,https://in.linkedin.com/jobs/view/channel-sales-account-manager-at-kala-genset-pvt-ltd-india-4233763417,"Leadership Upgrade, Go-To-Market Expansion",2025-06-21 20:16:32,False,False,Channel Sales Account Manager,"Nicosia, Cyprus"
Kala.ai,Sales,Senior,https://www.linkedin.com/jobs/view/senior-outside-sales-representative-security-integrators-at-wesco-4227185468,Go-To-Market Expansion,2025-06-21 20:16:32,False,False,Senior Outside Sales Representative (Security Integrators),"Nicosia, Cyprus"
Kala.ai,Engineering,Mid,https://in.linkedin.com/jobs/view/software-developer-at-kala-group-4151257262,General Hiring,2025-06-21 20:16:32,False,False,Software Developer In Pune ...,"Nicosia, Cyprus"
Kala.ai,Other,Mid,https://in.linkedin.com/jobs/view/coding-expertise-for-ai-training-at-outlier-4207467780,General Hiring,2025-06-21 20:16:32,False,False,Coding Expertise For Ai Training,"Nicosia, Cyprus"
Kala.ai,Engineering,Lead,https://in.linkedin.com/jobs/view/principal-software-engineer-mean-stack-at-unext-learning-4221883412,Engineering Buildout,2025-06-21 20:16:32,False,False,Principal Software Engineer,"Nicosia, Cyprus"
Kala.ai,Other,Mid,https://ie.linkedin.com/jobs/view/cofounder-cto-at-abstract-innovation-4075000441,General Hiring,2025-06-21 20:16:32,False,False,Cofounder Cto,"Nicosia, Cyprus"
Kala.ai,Engineering,Mid,https://sg.linkedin.com/jobs/view/frontend-developer-at-cyberowl-3918880486,General Hiring,2025-06-21 20:16:32,False,False,Frontend Developer In Singapore ...,"Nicosia, Cyprus"
Kala.ai,Engineering,Mid,https://in.linkedin.com/jobs/view/engineer-at-scottill-healthcare-pvt-ltd-4239945347,General Hiring,2025-06-21 20:16:32,False,False,Engineer ...,"Nicosia, Cyprus"
Kala.ai,Design,Mid,https://pk.linkedin.com/jobs/view/user-experience-designer-at-loading-it-solutions-4026739613,Design Overhaul,2025-06-21 20:16:32,False,False,User Experience Designer ...,"Nicosia, Cyprus"
Kala.ai,Design,Mid,https://www.linkedin.com/jobs/view/full-stack-architect-amp-%238211-ui-ux-at-highbrow-llc-4215626193,General Hiring,2025-06-21 20:16:32,False,False,Full Stack Architect &Amp;#8211; Ui/Ux,"Nicosia, Cyprus"
Kala.ai,Design,Intern,https://in.linkedin.com/jobs/view/graphic-design-intern-at-kala-and-kriti-4186266130,General Hiring,2025-06-21 20:16:32,False,False,Graphic Design Intern In India,"Nicosia, Cyprus"
Kala.ai,Other,Junior,https://in.linkedin.com/jobs/view/junior-search-engine-optimization-seo-specialist-in-chandigarh-mohali-mohali-mohali-uttar-pradesh-chandigarh-himachal-pradesh-uttarakhand-at-relinns-technologies-4251061036,General Hiring,2025-06-21 20:16:32,False,False,Junior Search Engine Optimization (Seo) Specialist In ...,"Nicosia, Cyprus"
Kala.ai,Design,Mid,https://in.linkedin.com/jobs/view/motion-graphic-designer-at-royal-finesse-3221555001,Design Overhaul,2025-06-21 20:16:32,False,False,Motion Graphic Designer,"Nicosia, Cyprus"
Kala.ai,Design,Lead,https://pk.linkedin.com/jobs/view/lead-graphic-designer-at-sa-group-4216026459,"Design Overhaul, Leadership Upgrade",2025-06-21 20:16:32,False,False,Lead Graphic Designer,"Nicosia, Cyprus"
Kala.ai,Sales,Mid,https://np.linkedin.com/jobs/view/stall-sales-and-customer-service-representative-at-masta-kala-4083096501,Go-To-Market Expansion,2025-06-21 20:16:32,False,False,Stall Sales And Customer Service Representative,"Nicosia, Cyprus"
Kala.ai,CSM,Senior,https://np.linkedin.com/jobs/view/senior-customer-success-officer-hybrid-at-right-jobs-3935061767,General Hiring,2025-06-21 20:16:32,False,False,Senior Customer Success Officer (Hybrid),"Nicosia, Cyprus"
Kala.ai,CSM,Mid,https://np.linkedin.com/jobs/view/customer-success-officer-at-veda-app-%E0%A4%B5%E0%A5%87%E0%A4%A6-4228129423,General Hiring,2025-06-21 20:16:32,False,False,Customer Success Officer,"Nicosia, Cyprus"
Kala.ai,Sales,Mid,https://np.linkedin.com/jobs/view/stall-sales-and-customer-service-representative-at-masta-kala-4245416847,Go-To-Market Expansion,2025-06-21 20:16:32,False,False,Stall Sales And Customer Service Representative,"Nicosia, Cyprus"
Kala.ai,Other,Mid,https://www.linkedin.com/jobs/view/admissions-counselor-i-admissions-counselor-sr-ii-california-at-oklahoma-state-university-4252573565,General Hiring,2025-06-21 20:16:32,False,False,Admissions Counselor Sr Ii (California),"Nicosia, Cyprus"
Kala.ai,Other,Mid,https://www.linkedin.com/jobs/view/adjudicator-at-state-of-north-carolina-4237267997,General Hiring,2025-06-21 20:16:32,False,False,"Adjudicator In Raleigh, Nc","Nicosia, Cyprus"
Kala.ai,Sales,Mid,https://be.linkedin.com/jobs/view/sales-manager-for-hr-intranet-powered-by-ai-at-kala-3997316922,"Leadership Upgrade, Go-To-Market Expansion",2025-06-21 20:16:32,False,False,Sales Manager For Hr Intranet Powered By Ai,"Nicosia, Cyprus"
Kala.ai,Other,Intern,https://www.linkedin.com/jobs/view/social-media-intern-at-kala-brand-music-4230651573,General Hiring,2025-06-21 20:16:32,False,False,Social Media Intern In California ...,"Nicosia, Cyprus"
Kala.ai,Data,Mid,https://www.linkedin.com/jobs/view/data-analyst-at-kala-solutions-com-4176431894,General Hiring,2025-06-21 20:16:32,False,False,"Data Analyst In Minneapolis, Mn","Nicosia, Cyprus"
Kala.ai,Marketing,Mid,https://in.linkedin.com/jobs/view/marketing-partner-at-saundhya-kala-foundation-4159049200,General Hiring,2025-06-21 20:16:32,False,False,Marketing Partner,"Nicosia, Cyprus"
Kala.ai,Sales,Mid,https://www.linkedin.com/jobs/view/inside-sales-representative-%E2%80%93-toy-education-market-at-kala-brand-music-205280058,Go-To-Market Expansion,2025-06-21 20:16:32,False,False,Inside Sales Representative,"Nicosia, Cyprus"
Kala.ai,Data,Mid,https://in.linkedin.com/jobs/view/operations-analyst-at-travclan-4156975495?refId=1bGmG5SLEHcbuUgU9xaKhw%3D%3D&trackingId=HDi7uwTFYGCURyqycnTAJQ%3D%3D&position=2&pageNum=0,General Hiring,2025-06-21 20:16:32,False,False,"Operations Analyst In New Delhi, Delhi, India","Nicosia, Cyprus"
Kala.ai,Other,Mid,https://www.linkedin.com/jobs/view/project-architect-at-actalent-4252532219,General Hiring,2025-06-21 20:16:32,False,False,"Project Architect In Kansas City, Mo","Nicosia, Cyprus"
Kala.ai,Design,Mid,https://www.linkedin.com/jobs/view/project-architect-at-helix-architecture-%2B-design-4250719558,General Hiring,2025-06-21 20:16:32,False,False,Project Architect In ...,"Nicosia, Cyprus"
Kala.ai,Other,Mid,https://www.linkedin.com/jobs/view/kala-no-limits-rbt-at-advance-kids-inc-4240230451,General Hiring,2025-06-21 20:16:32,False,False,Kala No Limits Rbt In ...,"Nicosia, Cyprus"
Kala.ai,Other,Mid,https://www.linkedin.com/jobs/view/human-resources-assistant-iii-oahu-at-state-of-hawai%CA%BBi-4236633713,General Hiring,2025-06-21 20:16:32,False,False,Human Resources Assistant Iii,"Nicosia, Cyprus"
Kala.ai,Design,Mid,https://www.linkedin.com/jobs/view/custodian-full-time-aiea-oahu-at-hawaiian-building-maintenance-4240162292,General Hiring,2025-06-21 20:16:32,False,False,Custodian Full-Time (Aiea,"Nicosia, Cyprus"
Kala.ai,Other,Mid,https://www.linkedin.com/jobs/view/grocery-team-member-stocker-inventory-floor-service-customer-service-part-time-at-whole-foods-market-4244467450,General Hiring,2025-06-21 20:16:32,False,False,"Grocery Team Member (Stocker, Inventory, Floor Service ...","Nicosia, Cyprus"
Kala.ai,Other,Mid,https://www.linkedin.com/jobs/view/administrative-clerk-general-clerk-ii-with-dod-security-clearance-at-hire-our-heroes-veteran-job-board-4250250254,General Hiring,2025-06-21 20:16:32,False,False,Administrative Clerk (General Clerk Ii) With Dod Security ...,"Nicosia, Cyprus"
Kala.ai,Support,Mid,https://www.linkedin.com/jobs/view/administrative-support-specialist-at-kala-solutions-com-4171499355,General Hiring,2025-06-21 20:16:32,False,False,Administrative Support Specialist ...,"Nicosia, Cyprus"
Kala.ai,Other,Lead,https://www.linkedin.com/jobs/view/civil-and-structural-practice-lead-at-jacobs-4232747419,Leadership Upgrade,2025-06-21 20:16:32,False,False,Civil And Structural Practice Lead In ...,"Nicosia, Cyprus"
Kala.ai,Design,Senior,https://www.linkedin.com/jobs/view/senior-design-project-manager-at-mammoth-3908810708,Leadership Upgrade,2025-06-21 20:16:32,False,False,Senior Design Project Manager,"Nicosia, Cyprus"
Kala.ai,Other,Mid,https://sg.linkedin.com/jobs/view/technical-program-manager-r-d-at-kla-4004981308,Leadership Upgrade,2025-06-21 20:16:32,False,False,Technical Program Manager (R&D),"Nicosia, Cyprus"
Kala.ai,Design,Senior,https://www.linkedin.com/jobs/view/senior-design-build-project-manager-at-wilson-company-inc-engineers-and-architects-4205019886,Leadership Upgrade,2025-06-21 20:16:32,False,False,Senior Design Build Project Manager,"Nicosia, Cyprus"
Razorpay,Product,Senior,https://in.linkedin.com/jobs/view/senior-product-manager-at-razorpay-4245896954,"Leadership Upgrade, New Product Initiative",2025-06-21 20:16:32,False,True,Senior Product Manager,"Bangalore, India"
Razorpay,Product,Mid,https://in.linkedin.com/jobs/view/product-manager-ii-at-razorpay-4204758990,"Leadership Upgrade, New Product Initiative",2025-06-21 20:16:32,False,True,Product Manager Ii In Bengaluru ...,"Bangalore, India"
Razorpay,Product,Senior,https://in.linkedin.com/jobs/view/senior-product-manager-at-razorpay-4237620937,"Leadership Upgrade, New Product Initiative",2025-06-21 20:16:32,False,True,Senior Product Manager In Bengaluru ...,"Bangalore, India"
Razorpay,Product,Mid,https://in.linkedin.com/jobs/view/product-manager-ii-at-razorpay-4210902225,"Leadership Upgrade, New Product Initiative",2025-06-21 20:16:32,False,True,Product Manager Ii In Bengaluru ...,"Bangalore, India"
Razorpay,Product,Junior,https://in.linkedin.com/jobs/view/senior-associate-business-development-at-razorpay-4250812475,General Hiring,2025-06-21 20:16:32,False,True,Senior Associate,"Bangalore, India"
Razorpay,Sales,Mid,https://sg.linkedin.com/jobs/view/sales-manager-at-razorpay-4224476299,"Leadership Upgrade, Go-To-Market Expansion",2025-06-21 20:16:32,False,False,Sales Manager In Singapore ...,"Bangalore, India"
Razorpay,Sales,Senior,https://in.linkedin.com/jobs/view/senior-manager-enterprise-sales-at-razorpay-4210901291,"Leadership Upgrade, Go-To-Market Expansion",2025-06-21 20:16:32,False,False,Senior Manager,"Bangalore, India"
Razorpay,Sales,Junior,https://in.linkedin.com/jobs/view/associate-manager-sales-strategy-at-razorpay-4195560504,"Leadership Upgrade, Go-To-Market Expansion",2025-06-21 20:16:32,False,False,Associate Manager,"Bangalore, India"
Razorpay,Sales,Junior,https://www.linkedin.com/jobs/view/3930441252/,Go-To-Market Expansion,2025-06-21 20:16:32,False,False,Inside Sales Associate In Federal Territory ...,"Bangalore, India"
Razorpay,Engineering,Senior,https://in.linkedin.com/jobs/view/senior-software-development-engineer-at-razorpay-4251617042,General Hiring,2025-06-21 20:16:32,False,False,Senior Software Development Engineer,"Bangalore, India"
Razorpay,Engineering,Mid,https://in.linkedin.com/jobs/view/software-development-engineer-in-test-at-razorpay-4138759887,General Hiring,2025-06-21 20:16:32,False,False,Software Development Engineer In Test,"Bangalore, India"
Razorpay,Engineering,Mid,https://in.linkedin.com/jobs/view/software-development-engineer-android-sdk-at-razorpay-4239272660,General Hiring,2025-06-21 20:16:32,False,False,Software Development Engineer (Android Sdk),"Bangalore, India"
Razorpay,Engineering,Mid,https://in.linkedin.com/jobs/view/staff-software-development-engineer-at-razorpay-4138969675,General Hiring,2025-06-21 20:16:32,False,False,Staff Software Development Engineer ...,"Bangalore, India"
Razorpay,Engineering,Mid,https://in.linkedin.com/jobs/view/staff-software-development-engineer-at-razorpay-4236571953,General Hiring,2025-06-21 20:16:32,False,False,Staff Software Development Engineer,"Bangalore, India"
Razorpay,Engineering,Senior,https://in.linkedin.com/jobs/view/senior-software-development-engineer-in-test-at-razorpay-4233415163,General Hiring,2025-06-21 20:16:32,False,False,Senior Software Development Engineer In Test,"Bangalore, India"
Razorpay,Design,Mid,https://in.linkedin.com/jobs/view/product-designer-i-at-razorpay-4242567086,"Design Overhaul, New Product Initiative",2025-06-21 20:16:32,False,True,Product Designer I In Bengaluru ...,"Bangalore, India"
Razorpay,Design,Senior,https://in.linkedin.com/jobs/view/senior-product-designer-at-razorpay-4210902226,"Design Overhaul, New Product Initiative",2025-06-21 20:16:32,False,True,Senior Product Designer In Bengaluru ...,"Bangalore, India"
Razorpay,Design,Mid,https://in.linkedin.com/jobs/view/product-designer-ii-at-razorpay-4238106379?refId=Z2uRZFN8%2Bzi8AB2LWrYsZg%3D%3D&trackingId=KaxWcD8G0doxwAFYWU1WaA%3D%3D&position=19&pageNum=0,"Design Overhaul, New Product Initiative",2025-06-21 20:16:32,False,True,Product Designer Ii In Bengaluru ...,"Bangalore, India"
Razorpay,CSM,Mid,https://my.linkedin.com/jobs/view/customer-success-executive-at-curlec-by-razorpay-4160831018,General Hiring,2025-06-21 20:16:32,False,False,Customer Success Executive,"Bangalore, India"
Razorpay,Other,Junior,https://in.linkedin.com/jobs/view/associate-manager-new-initiatives-client-success-at-razorpay-4251615252,Leadership Upgrade,2025-06-21 20:16:32,False,False,"Associate Manager, New Initiatives Client Success","Bangalore, India"
Razorpay,Other,Junior,https://in.linkedin.com/jobs/view/associate-new-initiatives-client-success-at-razorpay-4186995618,General Hiring,2025-06-21 20:16:32,False,False,"Associate, New Initiatives Client Success ...","Bangalore, India"
Razorpay,Other,Junior,https://in.linkedin.com/jobs/view/associate-manager-new-initiatives-client-success-at-razorpay-4117294557,Leadership Upgrade,2025-06-21 20:16:32,False,False,Associate Manager,"Bangalore, India"
Razorpay,Other,Mid,https://in.linkedin.com/jobs/view/technical-account-manager-at-razorpay-4226785383,Leadership Upgrade,2025-06-21 20:16:32,False,False,Technical Account Manager,"Bangalore, India"
Razorpay,Marketing,Mid,https://in.linkedin.com/jobs/view/manager-events-marketing-at-razorpay-4189620569,Leadership Upgrade,2025-06-21 20:16:32,False,False,Manager,"Bangalore, India"
Razorpay,Marketing,Mid,https://my.linkedin.com/jobs/view/head-of-marketing-sea-at-curlec-by-razorpay-4211500657,General Hiring,2025-06-21 20:16:32,False,False,Head Of Marketing (Sea),"Bangalore, India"
Razorpay,Marketing,Mid,https://in.linkedin.com/jobs/view/razorpay-manager-product-marketing-5-10-yrs-bangalore-at-razorpay-207288111,"Leadership Upgrade, New Product Initiative",2025-06-21 20:16:32,False,False,Razorpay,"Bangalore, India"
Razorpay,Other,Senior,https://in.linkedin.com/jobs/view/senior-manager-social-media-at-razorpay-4172806086,Leadership Upgrade,2025-06-21 20:16:32,False,False,Senior Manager Social Media In ...,"Bangalore, India"
Razorpay,Marketing,Junior,https://in.linkedin.com/jobs/view/associate-manager-marketing-at-razorpay-4172341635,Leadership Upgrade,2025-06-21 20:16:32,False,False,Associate Manager,"Bangalore, India"
Razorpay,Sales,Mid,https://in.linkedin.com/jobs/view/manager-campaign-management-ad-sales-at-razorpay-4200136297,Go-To-Market Expansion,2025-06-21 20:16:32,False,False,Campaign Management ( Ad Sales ) In Bengaluru ...,"Bangalore, India"
Razorpay,Data,Mid,https://in.linkedin.com/jobs/view/data-analyst-business-finance-at-razorpay-4245342978,General Hiring,2025-06-21 20:16:32,False,False,Data Analyst,"Bangalore, India"
Razorpay,Other,Senior,https://in.linkedin.com/jobs/view/senior-analytics-specialist-at-razorpay-4253098096,General Hiring,2025-06-21 20:16:32,False,False,Senior Analytics Specialist In Bengaluru ...,"Bangalore, India"
Razorpay,Other,Mid,https://in.linkedin.com/jobs/view/manager-cross-border-at-razorpay-4252509436,Leadership Upgrade,2025-06-21 20:16:32,False,False,Manager,"Bangalore, India"
Razorpay,Other,Director,https://in.linkedin.com/jobs/view/director-solutions-consulting-at-razorpay-4219338200,Leadership Upgrade,2025-06-21 20:16:32,False,False,Director,"Bangalore, India"
Razorpay,Other,Director,https://in.linkedin.com/jobs/view/director-business-management-at-razorpay-4108548131,Leadership Upgrade,2025-06-21 20:16:32,False,False,Director,"Bangalore, India"
Razorpay,Product,Mid,https://in.linkedin.com/jobs/view/manager-learning-development-at-razorpay-4210901288,Leadership Upgrade,2025-06-21 20:16:32,False,True,Manager,"Bangalore, India"
Razorpay,Other,Junior,https://in.linkedin.com/jobs/view/senior-associate-talent-partner-at-razorpay-4172073574,General Hiring,2025-06-21 20:16:32,False,False,"Senior Associate, Talent Partner","Bangalore, India"
Razorpay,Engineering,Lead,https://in.linkedin.com/jobs/view/lead-software-development-engineer-at-razorpay-4247784802,Leadership Upgrade,2025-06-21 20:16:32,False,False,Lead Software Development Engineer,"Bangalore, India"
Razorpay,Engineering,Lead,https://in.linkedin.com/jobs/view/lead-solutions-engineer-at-razorpay-4225981914,Leadership Upgrade,2025-06-21 20:16:32,False,False,Lead Solutions Engineer In Bengaluru ...,"Bangalore, India"
Razorpay,Engineering,Lead,https://in.linkedin.com/jobs/view/lead-devops-engineer-at-razorpay-4150025968,Leadership Upgrade,2025-06-21 20:16:32,False,False,Lead Devops Engineer,"Bangalore, India"
Razorpay,Engineering,Senior,https://in.linkedin.com/jobs/view/director-senior-director-engineering-at-razorpay-4229108620,Leadership Upgrade,2025-06-21 20:16:32,False,False,Director/Senior Director Engineering,"Bangalore, India"
Razorpay,Engineering,Lead,https://in.linkedin.com/jobs/view/lead-software-development-engineer-at-razorpay-4223496918,Leadership Upgrade,2025-06-21 20:16:32,False,False,Lead Software Development Engineer,"Bangalore, India"
Razorpay,Engineering,Mid,https://in.linkedin.com/jobs/view/engineering-manager-data-platform-at-razorpay-4235095561,Leadership Upgrade,2025-06-21 20:16:32,False,False,Engineering Manager (Data Platform),"Bangalore, India"
Razorpay,Engineering,Senior,https://in.linkedin.com/jobs/view/senior-engineering-manager-at-razorpay-4204368864,Leadership Upgrade,2025-06-21 20:16:32,False,False,Senior Engineering Manager,"Bangalore, India"
BrowserStack,Product,Lead,https://in.linkedin.com/jobs/view/principal-product-manager-at-browserstack-4151316170,"Leadership Upgrade, New Product Initiative",2025-06-21 20:16:32,False,True,Principal Product Manager In India,"Mumbai, India"
BrowserStack,Product,Senior,https://in.linkedin.com/jobs/view/193894309,"Leadership Upgrade, New Product Initiative",2025-06-21 20:16:32,False,True,Senior Product Manager In {:Location},"Mumbai, India"
BrowserStack,Product,Mid,https://in.linkedin.com/jobs/view/product-manager-at-browserstack-195583981,"Leadership Upgrade, New Product Initiative",2025-06-21 20:16:32,False,True,Product Manager In {:Location},"Mumbai, India"
BrowserStack,Engineering,Mid,https://www.linkedin.com/jobs/view/developer-advocate-at-browserstack-4206626989,General Hiring,2025-06-21 20:16:32,False,False,Developer Advocate In United States,"Mumbai, India"
BrowserStack,Design,Senior,https://in.linkedin.com/jobs/view/senior-product-designer-at-browserstack-4194773701,"Design Overhaul, New Product Initiative",2025-06-21 20:16:32,False,True,Senior Product Designer In India,"Mumbai, India"
BrowserStack,Other,Junior,https://in.linkedin.com/jobs/view/associate-technical-program-manager-at-browserstack-4130151525,Leadership Upgrade,2025-06-21 20:16:32,False,False,Associate Technical Program Manager,"Mumbai, India"
BrowserStack,Sales,Mid,https://www.linkedin.com/jobs/view/manager-enterprise-sales-at-browserstack-4202605361,"Leadership Upgrade, Go-To-Market Expansion",2025-06-21 20:16:32,False,False,Manager,"Mumbai, India"
BrowserStack,Product,Mid,https://in.linkedin.com/jobs/view/business-development-representative-at-browserstack-4211431609,General Hiring,2025-06-21 20:16:32,False,True,Business Development Representative,"Mumbai, India"
BrowserStack,Other,Mid,https://www.linkedin.com/jobs/view/enterprise-account-executive-at-browserstack-4202605360,General Hiring,2025-06-21 20:16:32,False,False,Enterprise Account Executive,"Mumbai, India"
BrowserStack,Sales,Lead,https://in.linkedin.com/jobs/view/lead-sales-enablement-at-browserstack-4176724589,"Leadership Upgrade, Go-To-Market Expansion",2025-06-21 20:16:32,False,False,Lead,"Mumbai, India"
BrowserStack,Product,Mid,https://in.linkedin.com/jobs/view/business-development-representative-remote-pune-at-browserstack-4239393236,General Hiring,2025-06-21 20:16:32,True,True,Business Development Representative (Remote,"Mumbai, India"
BrowserStack,Product,Lead,https://in.linkedin.com/jobs/view/team-lead-business-development-at-browserstack-4206129687,Leadership Upgrade,2025-06-21 20:16:32,False,True,Team Lead,"Mumbai, India"
BrowserStack,Design,Mid,https://in.linkedin.com/jobs/view/user-experience-interface-designer-at-browserstack-151272002,Design Overhaul,2025-06-21 20:16:32,False,False,User Experience Interface Designer In,"Mumbai, India"
BrowserStack,Design,Lead,https://in.linkedin.com/jobs/view/lead-product-designer-mumbai-remote-at-browserstack-4230072820,"Leadership Upgrade, Design Overhaul, New Product Initiative",2025-06-21 20:16:32,False,True,Lead Product Designer,"Mumbai, India"
BrowserStack,Design,Mid,https://www.linkedin.com/jobs/view/ux-designer-at-assuranceamerica-4121866090,Design Overhaul,2025-06-21 20:16:32,False,False,"Ux Designer In Atlanta, Ga","Mumbai, India"
BrowserStack,Design,Mid,https://in.linkedin.com/jobs/view/head-of-design-at-browserstack-139106749,General Hiring,2025-06-21 20:16:32,False,False,Head Of Design In {:Location},"Mumbai, India"
BrowserStack,Design,Lead,https://in.linkedin.com/jobs/view/lead-product-designer-at-browserstack-4198000201,"Leadership Upgrade, Design Overhaul, New Product Initiative",2025-06-21 20:16:32,False,True,Lead Product Designer In India,"Mumbai, India"
BrowserStack,Design,Mid,https://www.linkedin.com/jobs/view/ui-ux-tester-at-micro1-4250629735,General Hiring,2025-06-21 20:16:32,False,False,Ui/Ux Tester In Namer,"Mumbai, India"
BrowserStack,CSM,Mid,https://in.linkedin.com/jobs/view/customer-success-at-browserstack-193892694,General Hiring,2025-06-21 20:16:32,False,False,Customer Success In {:Location},"Mumbai, India"
BrowserStack,Engineering,Mid,https://www.linkedin.com/jobs/view/customer-engineer-at-browserstack-4202604422,General Hiring,2025-06-21 20:16:32,False,False,Customer Engineer In United States,"Mumbai, India"
BrowserStack,Engineering,Mid,https://www.linkedin.com/jobs/view/customer-engineer-at-browserstack-4202607141,General Hiring,2025-06-21 20:16:32,False,False,Customer Engineer In United States,"Mumbai, India"
BrowserStack,CSM,Lead,https://in.linkedin.com/jobs/view/customer-success-lead-remote-bangalore-hyderabad-at-browserstack-4211728478,Leadership Upgrade,2025-06-21 20:16:32,False,False,Customer Success Lead (Remote,"Mumbai, India"
BrowserStack,CSM,Lead,https://in.linkedin.com/jobs/view/customer-success-lead-at-browserstack-4236643671,Leadership Upgrade,2025-06-21 20:16:32,False,False,Customer Success Lead In ...,"Mumbai, India"
BrowserStack,Marketing,Junior,https://in.linkedin.com/jobs/view/associate-marketing-analytics-operations-at-browserstack-4086792197,General Hiring,2025-06-21 20:16:32,False,False,Associate,"Mumbai, India"
BrowserStack,Marketing,Mid,https://in.linkedin.com/jobs/view/growth-marketing-strategy-remote-mumbai-at-browserstack-4206630579,General Hiring,2025-06-21 20:16:32,False,False,Growth Marketing Strategy,"Mumbai, India"
BrowserStack,Marketing,Lead,https://in.linkedin.com/jobs/view/lead-performance-marketing-at-browserstack-4209862965,Leadership Upgrade,2025-06-21 20:16:32,False,False,Lead,"Mumbai, India"
BrowserStack,Marketing,Mid,https://in.linkedin.com/jobs/view/lead-revenue-marketing-remote-mumbai-at-browserstack-4235529429,General Hiring,2025-06-21 20:16:32,False,False,Revenue Marketing (Remote,"Mumbai, India"
BrowserStack,Engineering,Lead,https://in.linkedin.com/jobs/view/lead-developer-marketing-at-browserstack-4186073015,Leadership Upgrade,2025-06-21 20:16:32,False,False,Lead,"Mumbai, India"
BrowserStack,Other,Lead,https://in.linkedin.com/jobs/view/lead-global-reporting-at-browserstack-4182357410,Leadership Upgrade,2025-06-21 20:16:32,False,False,Lead,"Mumbai, India"
BrowserStack,Engineering,Mid,https://in.linkedin.com/jobs/view/recruiter-engineering-hiring-contract-at-browserstack-4144117928,General Hiring,2025-06-21 20:16:32,False,False,In India,"Mumbai, India"
BrowserStack,Engineering,Mid,https://in.linkedin.com/jobs/view/recruiter-engineering-at-browserstack-4158198291,General Hiring,2025-06-21 20:16:32,False,False,Recruiter,"Mumbai, India"
BrowserStack,Engineering,Mid,https://in.linkedin.com/jobs/view/engineering-manager-at-browserstack-3935082250,Leadership Upgrade,2025-06-21 20:16:32,False,False,Engineering Manager In India,"Mumbai, India"
BrowserStack,Other,Mid,https://www.linkedin.com/jobs/view/enterprise-account-executive-at-browserstack-4247477769,General Hiring,2025-06-21 20:16:32,False,False,Enterprise Account Executive,"Mumbai, India"
BrowserStack,Other,Mid,https://in.linkedin.com/jobs/view/global-manager-consolidation-reporting-at-browserstack-4224446943,Leadership Upgrade,2025-06-21 20:16:32,False,False,Global Manager,"Mumbai, India"
BrowserStack,Other,Mid,https://in.linkedin.com/jobs/view/manager-people-culture-at-browserstack-4226127551,Leadership Upgrade,2025-06-21 20:16:32,False,False,Manager,"Mumbai, India"
BrowserStack,Engineering,Mid,https://in.linkedin.com/jobs/view/technical-lead-customer-engineering-automation-testing-selenium-pre-sales-post-sales-remote-ncr-bengaluru-at-browserstack-4191419847,General Hiring,2025-06-21 20:16:32,False,False,Customer Engineering,"Mumbai, India"
BrowserStack,Engineering,Mid,https://in.linkedin.com/jobs/view/customer-engineering-manager-solutions-engineering-pre-post-sales-automation-testing-selenium-at-browserstack-4213199965,Go-To-Market Expansion,2025-06-21 20:16:32,False,False,Solutions Engineering (Pre & Post Sales)/ Automation ...,"Mumbai, India"
Meesho,Product,Senior,https://in.linkedin.com/jobs/view/senior-product-manager-at-meesho-4251659168,"Leadership Upgrade, New Product Initiative",2025-06-21 20:16:32,False,True,Senior Product Manager . In Bengaluru ...,"Bangalore, India"
Meesho,Product,Mid,https://in.linkedin.com/jobs/view/product-manager-ii-at-meesho-4249670250,"Leadership Upgrade, New Product Initiative",2025-06-21 20:16:32,False,True,Product Manager Ii.,"Bangalore, India"
Meesho,Product,Junior,https://in.linkedin.com/jobs/view/associate-product-manager-ii-platforms-at-meesho-4139617773,"Leadership Upgrade, New Product Initiative",2025-06-21 20:16:32,False,True,Associate Product Manager Ii,"Bangalore, India"
Meesho,Product,Mid,https://in.linkedin.com/jobs/view/product-manager-ii-marketplace-at-meesho-4234287421,"Leadership Upgrade, New Product Initiative",2025-06-21 20:16:32,False,True,Product Manager Ii,"Bangalore, India"
Meesho,Product,Mid,https://in.linkedin.com/jobs/view/product-manager-ii-ai-at-meesho-4234086334,"Leadership Upgrade, New Product Initiative",2025-06-21 20:16:32,False,True,Product Manager Ii,"Bangalore, India"
Meesho,Product,Mid,https://in.linkedin.com/jobs/view/group-product-manager-at-meesho-4243556616,"Leadership Upgrade, New Product Initiative",2025-06-21 20:16:32,False,True,Group Product Manager,"Bangalore, India"
Meesho,Product,Mid,https://in.linkedin.com/jobs/view/group-product-manager-at-meesho-4243813353,"Leadership Upgrade, New Product Initiative",2025-06-21 20:16:32,False,True,Group Product Manager . In Bengaluru ...,"Bangalore, India"
Meesho,Sales,Mid,https://in.linkedin.com/jobs/view/enterprise-sales-manager-at-meesho-4099099955,"Leadership Upgrade, Go-To-Market Expansion",2025-06-21 20:16:32,False,False,Enterprise Sales Manager,"Bangalore, India"
Meesho,Sales,Mid,https://in.linkedin.com/jobs/view/sales-manager-at-meesho-4099099955,"Leadership Upgrade, Go-To-Market Expansion",2025-06-21 20:16:32,False,False,"Sales Manager In Bengaluru, Karnataka, India","Bangalore, India"
Meesho,Sales,Junior,https://in.linkedin.com/jobs/view/senior-associate-ad-sales-at-meesho-4005824765,Go-To-Market Expansion,2025-06-21 20:16:32,False,False,Senior Associate,"Bangalore, India"
Meesho,Other,Senior,https://in.linkedin.com/jobs/view/senior-business-manager-h-a-at-meesho-4151097735,Leadership Upgrade,2025-06-21 20:16:32,False,False,Senior Business Manager,"Bangalore, India"
Meesho,Other,Mid,https://in.linkedin.com/jobs/view/area-manager-at-meesho-4250166441,Leadership Upgrade,2025-06-21 20:16:32,False,False,"Area Manager In New Delhi, Delhi, India","Bangalore, India"
Meesho,Other,Mid,https://in.linkedin.com/jobs/view/cluster-head-consolidation-at-meesho-4247467562,General Hiring,2025-06-21 20:16:32,False,False,Cluster Head,"Bangalore, India"
Meesho,Engineering,Mid,https://in.linkedin.com/jobs/view/software-development-engineer-ii-devops-at-meesho-3919092388,General Hiring,2025-06-21 20:16:32,False,False,Software Development Engineer Ii (Devops),"Bangalore, India"
Meesho,Engineering,Mid,https://in.linkedin.com/jobs/view/software-development-engineer-iv-android-at-meesho-4249837883,General Hiring,2025-06-21 20:16:32,False,False,Software Development Engineer Iv Android,"Bangalore, India"
Meesho,Engineering,Mid,https://in.linkedin.com/jobs/view/software-development-engineer-iii-frontend-at-meesho-4202614214,General Hiring,2025-06-21 20:16:32,False,False,Software Development Engineer Iii,"Bangalore, India"
Meesho,Engineering,Mid,https://in.linkedin.com/jobs/view/software-development-engineer-iv-backend-at-meesho-4090630785,General Hiring,2025-06-21 20:16:32,False,False,Software Development Engineer,"Bangalore, India"
Meesho,Engineering,Mid,https://in.linkedin.com/jobs/view/software-development-engineer-ii-android-at-meesho-4071984031,General Hiring,2025-06-21 20:16:32,False,False,Software Development Engineer Ii Android,"Bangalore, India"
Meesho,Engineering,Mid,https://in.linkedin.com/jobs/view/software-development-engineer-iii-backend-at-meesho-4080964426,General Hiring,2025-06-21 20:16:32,False,False,Software Development Engineer Iii -Backend,"Bangalore, India"
Meesho,Engineering,Mid,https://in.linkedin.com/jobs/view/software-development-engineer-trainee-at-teknuova-4168216932,General Hiring,2025-06-21 20:16:32,False,False,Software Development Engineer,"Bangalore, India"
