company_name,department,location,seniority,job_url,growth_signal_tag,processed_timestamp,role_function,growth_tag_remote_hiring_focus,growth_tag_product_team_buildout,job_title_clean
Chargebee,Marketing,Chargebee Is Seeking A Product Marketing Manager Who Will Play An Integral Role In Supporting Our Growth. In This Role,Mid,https://www.linkedin.com/jobs/view/product-marketing-manager-at-chargebee-4236023473,"Leadership Upgrade, New Product Initiative",2025-06-21 20:16:32,Marketing,False,False,Product Marketing Manager In Salt Lake ...
Chargebee,Product,Information Technology,Mid,https://in.linkedin.com/jobs/view/staff-product-manager-at-chargebee-4243602661,"Leadership Upgrade, New Product Initiative",2025-06-21 20:16:32,Product,False,True,"Staff Product Manager In Chennai, Tamil ..."
Chargebee,Other,Chargebee Is A Leading Provider Of Billing And Monetization Solutions For Thousands Of Businesses At Every Stage Of Growth — From Early,Mid,https://www.linkedin.com/jobs/view/large-enterprise-program-manager-at-chargebee-4239605424,Leadership Upgrade,2025-06-21 20:16:32,Other,False,False,Large Enterprise Program Manager
Chargebee,Marketing,4 Years Of Product Marketing Experience In Saas (Experience In Ai Companies Is A Plus),Mid,https://in.linkedin.com/jobs/view/product-marketing-manager-saas-at-chargebee-4248768858,"Leadership Upgrade, New Product Initiative",2025-06-21 20:16:32,Marketing,False,False,Product Marketing Manager -Saas
Chargebee,Marketing,Chargebee Is Seeking A Product Marketing Manager Who Will Play An Integral Role In Supporting Our Growth. In This Role,Mid,https://in.linkedin.com/jobs/view/product-marketing-manager-revenue-recognition-at-chargebee-4247319646,"Leadership Upgrade, New Product Initiative",2025-06-21 20:16:32,Marketing,False,False,Product Marketing Manager
Chargebee,Product,Chargebee Is The Leading Revenue Growth Management (Rgm) Platform For Subscription Businesses. Thousands Of Companies At Every Stage Of Development — From ...,Mid,https://www.linkedin.com/jobs/view/business-development-representative-at-chargebee-4208315795,General Hiring,2025-06-21 20:16:32,Product,False,True,Business Development Representative
Chargebee,Product,Chargebee Is A Leading Subscription Billing And Revenue Management Platform That Empowers Businesses To Streamline Their Subscription Billing Operations And ...,Mid,https://ie.linkedin.com/jobs/view/business-development-representative-at-chargebee-3920389733,General Hiring,2025-06-21 20:16:32,Product,False,True,Business Development Representative
Chargebee,Product,We'Re Looking For Energetic,Mid,https://in.linkedin.com/jobs/view/business-development-representative-emea-at-chargebee-4217444510,General Hiring,2025-06-21 20:16:32,Product,False,True,Business Development Representative Emea
Chargebee,Product,Who We Are: Chargebee Empowers Businesses Across Saas,Mid,https://ie.linkedin.com/jobs/view/enterprise-business-development-representative-at-chargebee-4050293110,General Hiring,2025-06-21 20:16:32,Product,False,True,Enterprise Business Development Representative
Chargebee,Other,With A Proven Track Record Of Attaining Quarterly Quotas Successfully Selling Enterprise,Mid,https://www.linkedin.com/jobs/view/enterprise-account-executive-at-chargebee-4159002587?refId=tOoR%2B2wMXB4BiKb65mRzCA%3D%3D&trackingId=ovFGcMQ8ZdyVM7AyC4EGtw%3D%3D,General Hiring,2025-06-21 20:16:32,Other,False,False,Enterprise Account Executive In San Francisco ...
Chargebee,Engineering,A Software Engineer At Chargebee Is The One Who Can Own The Creation And On,Mid,https://in.linkedin.com/jobs/view/software-engineer-backend-at-chargebee-4252795952,Engineering Buildout,2025-06-21 20:16:32,Engineering,False,False,Software Engineer Backend
Chargebee,Engineering,Chargebee Is A Leading Provider Of Billing And Monetization Solutions For Thousands Of Businesses At Every Stage Of Growth — From Early,Senior,https://in.linkedin.com/jobs/view/senior-software-engineer-cloud-infrastructure-at-chargebee-4249333466,Engineering Buildout,2025-06-21 20:16:32,Engineering,False,False,Senior Software Engineer
Chargebee,Engineering,Join Our Team As A Lead Software Engineer And Help Transform How Businesses Engage With Their Customers Through Our Innovative Subscription ...,Lead,https://in.linkedin.com/jobs/view/lead-software-engineer-at-chargebee-4250572150,"Leadership Upgrade, Engineering Buildout",2025-06-21 20:16:32,Engineering,False,False,Lead Software Engineer
Chargebee,Engineering,A Software Engineer At Chargebee Is The One Who Can Own The Creation And On,Mid,https://in.linkedin.com/jobs/view/software-engineer-at-chargebee-4245679016,Engineering Buildout,2025-06-21 20:16:32,Engineering,False,False,"Software Engineer In Chennai, Tamil ..."
Chargebee,Design,Other,Mid,https://in.linkedin.com/jobs/view/staff-product-designer-at-chargebee-4248586460,"Design Overhaul, New Product Initiative",2025-06-21 20:16:32,Product,False,True,"Staff Product Designer In Chennai, Tamil ..."
Chargebee,Design,Chargebee Is A Leading Subscription Billing And Revenue Management Platform That Automates Revenue Operations For High,Senior,https://www.linkedin.com/jobs/view/senior-director-design-research-at-chargebee-4081314653,Leadership Upgrade,2025-06-21 20:16:32,Other,False,False,"Senior Director, Design & Research"
Chargebee,Design,Demonstrated Experience In Designing For Both Desktop And Mobile Platforms,Lead,https://www.linkedin.com/jobs/view/lead-ux-product-designer-at-deloitte-4245935416,"Leadership Upgrade, Design Overhaul, New Product Initiative",2025-06-21 20:16:32,Product,False,True,"Lead, Ux Product Designer In Atlanta, Ga"
Chargebee,Design,At Least Six (6+) Years Of Ui/Ux Designer Experience; Experience Coding,Mid,https://www.linkedin.com/jobs/view/user-interaction-user-experience-ui-ux-designer-at-m-s-consulting-4233444269,Design Overhaul,2025-06-21 20:16:32,Other,False,False,User Interaction/User Experience(Ui/Ux) Designer
Chargebee,Engineering,Testing,Mid,https://in.linkedin.com/jobs/view/188171756,General Hiring,2025-06-21 20:16:32,Engineering,False,False,Front End Engineer In {:Location}
Chargebee,Engineering,Good Knowledge Of Ux And Design; Experience Writing Unit Tests For Ui Components; Deep Understanding Of The Modern Frontend Ecosystem And ...,Senior,https://in.linkedin.com/jobs/view/senior-lead-software-engineer-at-chargebee-4212698827,"Leadership Upgrade, Engineering Buildout",2025-06-21 20:16:32,Engineering,False,False,Senior Lead Software Engineer
Chargebee,CSM,Develop A Deep Understanding Of Each Customer'S Business Processes And Align Platform Usage To Maximize Value. Collaborate With Technical Success Managers (Tsms) ...,Mid,https://ie.linkedin.com/jobs/view/customer-success-manager-at-chargebee-4213549553,Leadership Upgrade,2025-06-21 20:16:32,Other,False,False,Customer Success Manager In Ireland
Chargebee,Other,Other,Mid,https://www.linkedin.com/jobs/view/3829486346,General Hiring,2025-06-21 20:16:32,Other,False,False,Global Head Of Customer Operations ...
Chargebee,CSM,We Support Everyone We Hire With Training,Mid,https://www.linkedin.com/jobs/view/customer-success-manager-work-from-home-at-persona-4225876206,Leadership Upgrade,2025-06-21 20:16:32,Other,False,False,Customer Success Manager (Work From Home)
Chargebee,Other,Chargebee Is Looking To Hire A Driven And Enthusiastic Individual To Work Closely With Our Customer Account Team And Build A Strong Overlay For This Part Of Our ...,Mid,https://www.linkedin.com/jobs/view/solution-specialist-growth-retention-at-chargebee-4074404203,General Hiring,2025-06-21 20:16:32,Other,False,False,"Solution Specialist, Growth & Retention ..."
Chargebee,CSM,Develop Relationships With Key Customer Stakeholders To Foster Loyalty. Lead The Onboarding Of New Customers And Ensure The Successful Adoption Of Storehero.,Mid,https://www.linkedin.com/jobs/view/3843730546,Leadership Upgrade,2025-06-21 20:16:32,Other,False,False,Customer Success Manager
Chargebee,CSM,We'Re Enthusiastically In Search Of An Customer Success Manager Who Will Take Ownership Of Relationships With A Select Group Of High,Mid,https://www.linkedin.com/jobs/view/3767433410/,Leadership Upgrade,2025-06-21 20:16:32,Other,False,False,Customer Success Manager
Chargebee,Marketing,Job Summary: Chargebee Is Looking For A Director,Director,https://www.linkedin.com/jobs/view/director-solution-marketing-at-chargebee-3747957879,Leadership Upgrade,2025-06-21 20:16:32,Marketing,False,False,"Director, Solution Marketing In Namer"
Chargebee,Marketing,Minimum Of 10+ Years Of Progressive Experience In Marketing Operations,Senior,https://ie.linkedin.com/jobs/view/senior-director-of-marketing-operations-at-chargebee-4041617020,Leadership Upgrade,2025-06-21 20:16:32,Marketing,False,False,Senior Director Of Marketing Operations
Chargebee,Marketing,In This Role,Mid,https://ie.linkedin.com/jobs/view/field-marketing-manager-at-chargebee-3884270144,Leadership Upgrade,2025-06-21 20:16:32,Marketing,False,False,Field Marketing Manager In Dublin ...
Chargebee,Data,Problem Solving Skills; Exp: 2,Mid,https://in.linkedin.com/jobs/view/data-analyst-at-chargebee-188170298,General Hiring,2025-06-21 20:16:32,Other,False,False,Data Analyst In {:Location}
Chargebee,Data,Stripe) Preferred; Strong Proficiency In Excel And Google Sheets,Mid,https://www.linkedin.com/jobs/view/data-analyst-remote-graveyard-at-anytime-mailbox-4198214226,General Hiring,2025-06-21 20:16:32,Other,False,False,"Data Analyst (Remote, Graveyard) ..."
Chargebee,Data,We Are Looking For A Senior Business Analyst With Deep Experience In Finance Operations,Senior,https://in.linkedin.com/jobs/view/senior-business-system-analyst-at-chargebee-4251178285,General Hiring,2025-06-21 20:16:32,Other,False,False,Senior Business System Analyst
Chargebee,Data,A Minimum Of 2+ Years Of Industry Experience Is Required,Mid,https://in.linkedin.com/jobs/view/data-scientist-at-chargebee-4246254134,General Hiring,2025-06-21 20:16:32,Other,False,False,"Data Scientist In Chennai, Tamil Nadu ..."
Chargebee,Other,000.00/Yr. About Chargebee: Chargebee Is A Leading Provider Of Billing And Monetization ...,Mid,https://www.linkedin.com/jobs/view/large-enterprise-program-manager-at-chargebee-4220225801,Leadership Upgrade,2025-06-21 20:16:32,Other,False,False,Large Enterprise Program Manager
Chargebee,Product,We Are Seeking An Experienced Learning And Development Trainer To Design,Mid,https://in.linkedin.com/jobs/view/learning-and-development-manager-at-chargebee-4220976643,Leadership Upgrade,2025-06-21 20:16:32,Product,False,True,Learning And Development Manager
Chargebee,Other,Works Closely With Onboarding,Mid,https://in.linkedin.com/jobs/view/global-people-operation-manager-at-chargebee-4194875486,Leadership Upgrade,2025-06-21 20:16:32,Other,False,False,Global People Operation Manager
Chargebee,Design,We Are Seeking A Highly Motivated And Results,Mid,https://www.linkedin.com/jobs/view/business-recruiter-customer-experience-ops-g-a-contract-at-rippling-4243029061,General Hiring,2025-06-21 20:16:32,Other,False,False,"Business Recruiter: Customer Experience, Ops, G&A ..."
Chargebee,Engineering,On Performance Testing Experience,Lead,https://in.linkedin.com/jobs/view/lead-performance-testing-engineer-at-chargebee-4248737009,Leadership Upgrade,2025-06-21 20:16:32,Engineering,False,False,Lead Performance Testing Engineer
Chargebee,Engineering,Responsibilities: Define,Lead,https://in.linkedin.com/jobs/view/lead-performance-testing-engineer-at-chargebee-4227379783,Leadership Upgrade,2025-06-21 20:16:32,Engineering,False,False,Lead Performance Testing Engineer
Chargebee,Other,We Are Looking To Staff The Team With The Top Talent At The Organization. We Are Seeking A Senior Manager,Senior,https://www.linkedin.com/jobs/view/senior-manager-gtm-systems-at-chargebee-4159006145,Leadership Upgrade,2025-06-21 20:16:32,Other,False,False,"Senior Manager, Gtm Systems In United States"
Chargebee,Engineering,Bachelor'S Or Master'S Degree In Computer Science,Lead,https://in.linkedin.com/jobs/view/lead-full-stack-engineer-at-chargebee-4229245330,Leadership Upgrade,2025-06-21 20:16:32,Engineering,False,False,Lead Full Stack Engineer In Chennai ...
Chargebee,Engineering,This Role Will Have Tech Responsibilities Around Architecture & Security Engineering While Actively Working Across Product & Infrastructure Layers With Focus On ...,Lead,https://in.linkedin.com/jobs/view/lead-security-engineer-at-chargebee-4218025908,Leadership Upgrade,2025-06-21 20:16:32,Engineering,False,False,Lead Security Engineer
Plum Insurance,Product,Other,Senior,https://in.linkedin.com/jobs/view/senior-product-manager-at-plum-4233979349,"Leadership Upgrade, New Product Initiative",2025-06-21 20:16:32,Product,False,True,Senior Product Manager In Bengaluru ...
Plum Insurance,Product,Other,Senior,https://in.linkedin.com/jobs/view/senior-product-manager-at-plum-4205239403,"Leadership Upgrade, New Product Initiative",2025-06-21 20:16:32,Product,False,True,Senior Product Manager
Plum Insurance,Product,About Plum Plum Is An Employee Insurance And Health Benefits Platform Focused On Making Health Insurance Simple,Mid,https://in.linkedin.com/jobs/view/product-manager-ii-at-plum-4205234930,"Leadership Upgrade, New Product Initiative",2025-06-21 20:16:32,Product,False,True,Product Manager Ii
Plum Insurance,Marketing,You'Ll Be Responsible For Leading Strategic Product Marketing Initiatives And Collaborating With Teams Across The Board To Present Plum'S Hr And ...,Senior,https://in.linkedin.com/jobs/view/senior-product-marketing-manager-at-plum-4245640035,"Leadership Upgrade, New Product Initiative",2025-06-21 20:16:32,Marketing,False,False,Senior Product Marketing Manager
Plum Insurance,Product,Own Part Of The Company You'Re Helping Grow Through Stock Options,Mid,https://uk.linkedin.com/jobs/view/group-product-manager-savings-at-plum-4225520957,"Leadership Upgrade, New Product Initiative",2025-06-21 20:16:32,Product,False,True,Group Product Manager (Savings)
Plum Insurance,Sales,10 Years Of Experience Selling Employee Benefits At A Broking Firm; You'Ve ...,Lead,https://in.linkedin.com/jobs/view/sales-leader-multiple-locations-at-plum-4218342457,"Leadership Upgrade, Go-To-Market Expansion",2025-06-21 20:16:32,Sales,False,False,Sales Leader
Plum Insurance,Other,You Will Be Responsible For Owning The Sales Process From First Contact To Contact To Closing,Mid,https://www.linkedin.com/jobs/view/account-executive-at-plum-commercial-real-estate-lending-4227524557,General Hiring,2025-06-21 20:16:32,Other,False,False,Account Executive
Plum Insurance,Sales,Plum Is An Employee Insurance And Health Benefits Platform Focused On Making Health Insurance Simple,Mid,https://in.linkedin.com/jobs/view/account-executive-smb-sales-at-plum-4228243385,Go-To-Market Expansion,2025-06-21 20:16:32,Sales,False,False,"Account Executive, Smb Sales"
Plum Insurance,Sales,Outside Sales Representative. Platinum Supplemental Insurance,Mid,https://www.linkedin.com/jobs/view/outside-sales-representative-at-platinum-supplemental-insurance-inc-4138175322,Go-To-Market Expansion,2025-06-21 20:16:32,Sales,False,False,Outside Sales Representative
Plum Insurance,Sales,Develop And Implement Comprehensive Sales Strategies To Achieve Ambitious Revenue Targets For Our Voluntary Insurance Business,VP,https://www.linkedin.com/jobs/view/vp-voluntary-insurance-sales-account-management-at-ebg-4219381733,"Leadership Upgrade, Go-To-Market Expansion",2025-06-21 20:16:32,Sales,False,False,"Vp, Voluntary Insurance, Sales & Account Management"
Plum Insurance,Engineering,Plum Is An Employee Insurance And Health Benefits Platform Focused On Making Health Insurance Simple,Mid,https://in.linkedin.com/jobs/view/software-engineer-ii-ios-at-plum-4245639149,Engineering Buildout,2025-06-21 20:16:32,Engineering,False,False,Software Engineer Ii
Plum Insurance,Engineering,Plum Is An Employee Insurance And Health Benefits Platform Focused On Making ... Computer Software Engineer Jobs. 45,Mid,https://in.linkedin.com/jobs/view/software-engineer-ii-full-stack-at-plum-4053046170,Engineering Buildout,2025-06-21 20:16:32,Engineering,False,False,Software Engineer
Plum Insurance,Engineering,Plum Is An Employee Insurance And Health Benefits Platform Focused On Making ... Computer Software Engineer Jobs. 45,Mid,https://in.linkedin.com/jobs/view/software-engineer-ii-backend-at-plum-4082196468,Engineering Buildout,2025-06-21 20:16:32,Engineering,False,False,Software Engineer
Plum Insurance,Engineering,Plum Is An Employee Insurance And Health Benefits Platform Focused On Making Health Insurance Simple,Mid,https://in.linkedin.com/jobs/view/software-engineer-iii-frontend-at-plum-4182475157,Engineering Buildout,2025-06-21 20:16:32,Engineering,False,False,Software Engineer
Plum Insurance,Engineering,Looking For A Full Stack Engineer To Help Us Scale Plum. You Will Have A Direct Impact On The Customer Experience Through The Design And Implementation Of New ...,Mid,https://in.linkedin.com/jobs/view/software-engineer-iii-fullstack-at-plum-4175549984,Engineering Buildout,2025-06-21 20:16:32,Engineering,False,False,Software Engineer Iii
Plum Insurance,Other,Plum. Bengaluru,Mid,https://in.linkedin.com/jobs/view/se-ii-ios-at-plum-3709789510,General Hiring,2025-06-21 20:16:32,Other,False,False,97 Plum Jobs In India (3 New)
Plum Insurance,Design,Reporting To The Head Of Design,Mid,https://www.linkedin.com/jobs/view/4068226565,General Hiring,2025-06-21 20:16:32,Other,False,False,Ux Researcher
Plum Insurance,Design,We Are Seeking A Passionate Product Designer To Join Our Expanding Design Team In London,Senior,https://uk.linkedin.com/jobs/view/senior-product-designer-ai-at-plum-4093234496,"Design Overhaul, New Product Initiative",2025-06-21 20:16:32,Product,False,True,Senior Product Designer
Plum Insurance,Design,Tonic3 Is Looking For A Talented Senior Digital Designer To Join Our Team And Work For One Of Our Prestigious Fortune 500 Clients In Their In,Senior,https://www.linkedin.com/jobs/view/senior-digital-ux-ui-designer-at-tonic3-4223396866,Design Overhaul,2025-06-21 20:16:32,Other,False,False,Senior Digital Ux/Ui Designer
Plum Insurance,Design,We Are Seeking A Passionate Product Designer To Join Our Expanding Design Team In Athens,Senior,https://gr.linkedin.com/jobs/view/product-designer-at-plum-4065574320,"Design Overhaul, New Product Initiative",2025-06-21 20:16:32,Product,False,True,Plum Προσλήψεις Senior Product Designer
Plum Insurance,Other,About Plum. Plum Is An Employee Insurance And Health Benefits Platform Focused On Making Health Insurance Simple,Lead,https://in.linkedin.com/jobs/view/lead-web-experiences-at-plum-4188125753,Leadership Upgrade,2025-06-21 20:16:32,Other,False,False,Lead
Plum Insurance,CSM,Plum Is An Employee Insurance And Health Benefits Platform Focused On Making Health Insurance Simple,Mid,https://in.linkedin.com/jobs/view/customer-success-executive-endorsements-at-plum-4223608802,General Hiring,2025-06-21 20:16:32,Other,False,False,"Customer Success Executive, Endorsements"
Plum Insurance,CSM,Plum Is An Employee Insurance And Health Benefits Platform Focused On Making Health Insurance Simple,Mid,https://in.linkedin.com/jobs/view/customer-success-manager-at-plum-4194705646,Leadership Upgrade,2025-06-21 20:16:32,Other,False,False,Customer Success Manager
Plum Insurance,CSM,Develop And Implement Processes On Support; Meet Response Time For Queries In Support; Coordinate With Insurance Partners For Resolution/ ...,Mid,https://in.linkedin.com/jobs/view/customer-success-executive-at-plum-4247183981,General Hiring,2025-06-21 20:16:32,Other,False,False,Customer Success Executive In Bangalore ...
Plum Insurance,CSM,Job Role: Customer Success Associate At Plum Insurance. Compensation: 4Lpa To 6Lpa. Eligibility Criteria: This Role Is Only For Graduates,Junior,https://in.linkedin.com/jobs/view/customer-success-associate-at-skill-veda-4192108716,General Hiring,2025-06-21 20:16:32,Other,False,False,Customer Success Associate ...
Plum Insurance,Marketing,As A Leasing And Marketing Agent,Mid,https://www.linkedin.com/jobs/view/leasing-marketing-agent-the-green-at-plum-creek-at-embrey-4226285925,General Hiring,2025-06-21 20:16:32,Marketing,False,False,Leasing & Marketing Agent
Plum Insurance,Marketing,We'Re On A Mission To Maximise Wealth For All. We'Re Making Saving Money Effortless And Turning Investing Into Something Everyone Can Do. Our Journey ...,Mid,https://www.linkedin.com/jobs/view/4068427366/,Leadership Upgrade,2025-06-21 20:16:32,Marketing,False,False,Growth Marketing Manager (Referrals) In Athens ...
Plum Insurance,Marketing,As A Coordinator Is An Entry Level Role And Assists The Marketing Team By Preparing And Processing Documents And Information For New Business Prospects And ...,Mid,https://www.linkedin.com/jobs/view/marketing-coordinator-insurance-placement-services-at-assuredpartners-4229344645,General Hiring,2025-06-21 20:16:32,Marketing,False,False,"Marketing Coordinator, Insurance Placement Services"
Plum Insurance,Data,We Are Looking For An Exceptional Data Analyst To Join The Team And Help Expand The Value We Deliver Across Plum. You Will Be Part Of A Well Established Product ...,Mid,https://cy.linkedin.com/jobs/view/data-analyst-at-plum-4225527121,General Hiring,2025-06-21 20:16:32,Other,False,False,Data Analyst In Nicosia ...
Plum Insurance,Data,We Are Looking For An Exceptional Senior Data Analyst To Join The Team And Help Expand The Value We Deliver Across Plum.,Senior,https://cy.linkedin.com/jobs/view/senior-data-analyst-at-plum-4080245561,General Hiring,2025-06-21 20:16:32,Other,False,False,Senior Data Analyst In Nicosia ...
Plum Insurance,Data,We Are Looking For An Exceptional Senior Data Analyst To Join The Team And Help Expand The Value We Deliver Across Plum. You Will Be Part Of A Well Established ...,Senior,https://uk.linkedin.com/jobs/view/senior-data-analyst-at-plum-4216100003,General Hiring,2025-06-21 20:16:32,Other,False,False,"Senior Data Analyst In London, England, United ..."
Plum Insurance,Data,We Are Looking For An Exceptional Data Analyst To Join The Team And Help Expand The Value We Deliver Across Plum. ... Data Scientist/ Data Analyst. Mondelēz ...,Mid,https://gr.linkedin.com/jobs/view/data-analyst-at-plum-4230746277?refId=A0uv3oVPAxxDiF9muhM0WQ%3D%3D&trackingId=Z1llHEXTDKli2kSJSEmyRQ%3D%3D,General Hiring,2025-06-21 20:16:32,Other,False,False,Plum Προσλήψεις Data Analyst Σε Athens
Plum Insurance,Engineering,Plum Is A Fintech Company Empowering Financial Institutions To Grow Their Business Through An Advanced Suite Of Ai,Mid,https://www.linkedin.com/jobs/view/data-engineer-sr-at-wiraa-4245913846,General Hiring,2025-06-21 20:16:32,Engineering,False,False,"Data Engineer, Sr. In United States"
Plum Insurance,Design,Role: Talent Acquisition Lead (Leadership Hiring) Location: Bangalore Budget: Up To 13L About Plum Plum Is An Employee Insurance And Health ...,Lead,https://in.linkedin.com/jobs/view/talent-acquisition-lead-leadership-hiring-at-plum-4251512241,Leadership Upgrade,2025-06-21 20:16:32,HR,False,False,Talent Acquisition Lead (Leadership Hiring)
Plum Insurance,Data,Senior Data Scientist. Plum Is A Fintech Company Empowering Financial Institutions To Grow Their Business Through A Cutting,Senior,https://www.linkedin.com/jobs/view/senior-data-scientist-at-plum-commercial-real-estate-lending-4230835481,General Hiring,2025-06-21 20:16:32,Other,False,False,Senior Data ...
Plum Insurance,HR,Plum Is An Employee Insurance And Health Benefits Platform Focused On Making Health Insurance Simple,Mid,https://in.linkedin.com/jobs/view/hr-business-partner-tech-at-plum-4250581394,General Hiring,2025-06-21 20:16:32,HR,False,False,Hr Business Partner
Plum Insurance,Design,To Partner For All Things Customer Success Hiring.,Mid,https://in.linkedin.com/jobs/view/talent-acquisition-partner-at-plum-4217294840,General Hiring,2025-06-21 20:16:32,HR,False,False,"Talent Acquisition Partner In Bangalore Urban, ..."
Plum Insurance,Engineering,As An Engineering Lead,Lead,https://cy.linkedin.com/jobs/view/engineering-lead-at-plum-4148684781,Leadership Upgrade,2025-06-21 20:16:32,Engineering,False,False,Engineering Lead In Nicosia ...
Plum Insurance,Engineering,Private Health Insurance; Annual Training Budget; Plum Premium For Free; Competitive Referral Scheme; Flexible Approach To Remote Working: We ...,Senior,https://uk.linkedin.com/jobs/view/senior-engineering-lead-brokerage-at-plum-4249016099,Leadership Upgrade,2025-06-21 20:16:32,Engineering,True,False,Senior Engineering Lead (Brokerage)
Plum Insurance,Engineering,As An Engineering Lead At Core Experience,Lead,https://cy.linkedin.com/jobs/view/engineering-lead-core-experience-at-plum-3936130537,Leadership Upgrade,2025-06-21 20:16:32,Engineering,False,False,Engineering Lead (Core Experience) ...
Plum Insurance,Engineering,We Are Looking For A Director Of Engineering,Director,https://cy.linkedin.com/jobs/view/director-of-engineering-at-plum-4246351618,Leadership Upgrade,2025-06-21 20:16:32,Engineering,False,False,Director Of Engineering In Nicosia ...
Yellow.ai,Other,Responsibilities: Manage New Customer Onboarding Calls. Ensure Customers Set Up And Use Yellow.Ai In The Most Efficient Way Possible.,Mid,https://in.linkedin.com/jobs/view/product-specialist-at-yellow-ai-4205795928,New Product Initiative,2025-06-21 20:16:32,Other,False,False,"Product Specialist In Bengaluru, Karnataka ..."
Yellow.ai,CSM,Collaborate Internally With The Product Team On Customer Feedback And Refine The Product Roadmap; Support Marketing And Operations Teams In ...,Senior,https://www.linkedin.com/jobs/view/senior-customer-success-manager-at-yellow-ai-4240944536,Leadership Upgrade,2025-06-21 20:16:32,Other,False,False,Senior Customer Success Manager
Yellow.ai,Other,We'Re Hiring A Product,Mid,https://www.linkedin.com/jobs/view/engagement-manager-product-transformation-retail-industry-at-capital-markets-placement-4224958835,"Leadership Upgrade, New Product Initiative",2025-06-21 20:16:32,Other,False,False,Engagement Manager
Yellow.ai,Other,Ai Focus: Proven Track Record Launching Ai Infrastructure,Mid,https://www.linkedin.com/jobs/view/experienced-product-coach-at-product-career-accelerator-4238291906,New Product Initiative,2025-06-21 20:16:32,Other,False,False,Experienced Product Coach
Yellow.ai,Other,Affiliate Marketing Manager Jobs,Mid,https://in.linkedin.com/jobs/view/enterprise-account-manager-at-yellow-ai-4250412420,Leadership Upgrade,2025-06-21 20:16:32,Other,False,False,Enterprise Account Manager In Bengaluru ...
Yellow.ai,Marketing,Demonstrated Marketing Experience With Tangible Results In Boosting Brand Equity And Revenue. A Keen Understanding Of Regional Marketing Trends And Nuances.,Mid,https://sg.linkedin.com/jobs/view/regional-marketing-manager-at-yellow-ai-3749190284,Leadership Upgrade,2025-06-21 20:16:32,Marketing,False,False,Regional Marketing Manager
Yellow.ai,Sales,Headquartered In San Mateo,Senior,https://sg.linkedin.com/jobs/view/senior-sales-director-at-yellow-ai-4213896912,"Leadership Upgrade, Go-To-Market Expansion",2025-06-21 20:16:32,Sales,False,False,Senior Sales Director
Yellow.ai,Sales,Sales Strategy Development: Develop And Execute A Comprehensive Sales Strategy For The South East Asian Countries Market In Alignment With The Company'S Overall ...,Mid,https://sg.linkedin.com/jobs/view/enterprise-sales-manager-at-yellow-ai-4143860797,"Leadership Upgrade, Go-To-Market Expansion",2025-06-21 20:16:32,Sales,False,False,Enterprise Sales Manager
Yellow.ai,Product,Join To Apply For The Business Development Representative Role At Conversas Inteligentes By Yellow.Ai ... Sales Development Representative/ Business Development ...,Mid,https://in.linkedin.com/jobs/view/business-development-representative-at-conversas-inteligentes-by-yellow-ai-4235910837,General Hiring,2025-06-21 20:16:32,Product,False,False,Business Development Representative
Yellow.ai,Other,Other,Mid,https://ae.linkedin.com/jobs/view/enterprise-account-executive-at-yellow-ai-4224330021,General Hiring,2025-06-21 20:16:32,Other,False,False,Enterprise Account Executive
Yellow.ai,Sales,An Ideal Candidate: Yellow.Ai Is Looking For The Presales Solution Consultant Who Is Going To Be Responsible For Identifying Opportunities And Closing All ...,Mid,https://www.linkedin.com/jobs/view/presales-solutions-consultant-at-yellow-ai-4157301578?lg=en,Go-To-Market Expansion,2025-06-21 20:16:32,Sales,False,False,Presales Solutions Consultant
Yellow.ai,Engineering,Software Development Engineer,Mid,https://in.linkedin.com/jobs/view/software-development-engineer-voip-platform-at-yellow-ai-4248381580,General Hiring,2025-06-21 20:16:32,Engineering,False,False,Software Development Engineer
Yellow.ai,Engineering,Responsibilities. Apply Machine Learning,Mid,https://in.linkedin.com/jobs/view/ai-ml-engineer-at-yellow-ai-4218615397,General Hiring,2025-06-21 20:16:32,Engineering,False,False,"Ai / Ml Engineer In Bengaluru, Karnataka ..."
Yellow.ai,Engineering,As A Devops Engineer,Mid,https://in.linkedin.com/jobs/view/devops-engineer-at-yellow-ai-4192932433,General Hiring,2025-06-21 20:16:32,Engineering,False,False,"Devops Engineer In Bengaluru, Karnataka ..."
Yellow.ai,Engineering,Site Reliability Engineer,Mid,https://in.linkedin.com/jobs/view/site-reliability-engineer-aws-azure-at-yellow-ai-4182366583,General Hiring,2025-06-21 20:16:32,Engineering,False,False,Site Reliability Engineer
Yellow.ai,Engineering,Manage And Maintain Containerized Environments Using Kubernetes Or Docker Swarm. This Includes Deployment,Mid,https://in.linkedin.com/jobs/view/yellow-ai-devops-engineer-cloud-infrastructure-at-yellow-ai-4197606125,General Hiring,2025-06-21 20:16:32,Engineering,False,False,Yellow.Ai
Yellow.ai,Engineering,We Focus On Ensuring Platform Stability,Mid,https://in.linkedin.com/jobs/view/yellow-ai-support-engineer-it-automation-at-yellow-ai-4193624729,General Hiring,2025-06-21 20:16:32,Engineering,False,False,Yellow.Ai
Yellow.ai,Engineering,Scout Collective Designs And Builds Meaningful Brands And Digital Experiences For Human Service Organizations And Social Good Initiatives. The ...,Mid,https://www.linkedin.com/jobs/view/ux-developer-%2B-designer-at-scout-collective-4245587778,Design Overhaul,2025-06-21 20:16:32,Engineering,False,False,Ux Developer + Designer
Yellow.ai,Design,Ux/Ui Design Skills And Proficiency In Design Tools Such As Sketch,Intern,https://www.linkedin.com/jobs/view/ux-ui-designer-intern-unpaid-at-savestate-ai-4193934984,Design Overhaul,2025-06-21 20:16:32,Other,False,False,Ux/Ui Designer Intern (Unpaid) In New York ...
Yellow.ai,Design,Mainly Responsible To Carry Out All The Tasks Involved In Creating An App,Mid,https://in.linkedin.com/jobs/view/ux-designer-at-yellow-slice-208236296,Design Overhaul,2025-06-21 20:16:32,Other,False,False,Ux Designer
Yellow.ai,Design,Hiring For The Role Of Ui / Ux Design,Mid,https://in.linkedin.com/jobs/view/ui-ux-designer-at-yellow-slice-196188684,Design Overhaul,2025-06-21 20:16:32,Other,False,False,Ui / Ux Designer In {:Location}
Yellow.ai,Engineering,This Is A Contract Role Ideal For A Designer With Proven Experience In Enterprise Portal Design And A Strong Grasp Of Salesforce Platforms.,Mid,https://in.linkedin.com/jobs/view/salesforce-experience-cloud-developer-ui-ux-design-at-marktine-it-solutions-4232688027,Go-To-Market Expansion,2025-06-21 20:16:32,Engineering,False,False,Salesforce Experience Cloud Developer (Ui/Ux Design)
Yellow.ai,CSM,External: Work With The Customer Operations & Marketing Team To Execute Customer Surveys,Mid,https://id.linkedin.com/jobs/view/customer-success-manager-at-yellow-ai-3536807178,Leadership Upgrade,2025-06-21 20:16:32,Other,False,False,Customer Success Manager
Yellow.ai,CSM,We Help Businesses Harness Data Through Ai,Mid,https://www.linkedin.com/jobs/view/customer-success-manager-at-cobalt-intelligence-secretary-of-state-api-4242648189,Leadership Upgrade,2025-06-21 20:16:32,Other,False,False,Customer Success Manager
Yellow.ai,CSM,A Customer Success Manager (Csm) Is A Role Primarily Focused On Ensuring That Customers Derive Maximum Value From A Product Or Service,Mid,https://ae.linkedin.com/jobs/view/customer-success-manager-at-yellow-ai-4028708989,Leadership Upgrade,2025-06-21 20:16:32,Other,False,False,Customer Success Manager
Yellow.ai,CSM,You Will Play A Crucial Role In Helping Customers Succeed And Set The Foundation For A Long,Mid,https://www.linkedin.com/jobs/view/customer-success-manager-i-at-brex-4184933707,Leadership Upgrade,2025-06-21 20:16:32,Other,False,False,Customer Success Manager I
Yellow.ai,CSM,Senior Customer Success Manager. Yellow.Ai. United States 1 Week Ago. Customer Success Onboarding Manager. Customer Success Onboarding Manager. Haus. United ...,Senior,https://www.linkedin.com/jobs/view/senior-customer-success-manager-strategic-accounts-east-at-abnormal-ai-4207130349,Leadership Upgrade,2025-06-21 20:16:32,Other,False,False,"Senior Customer Success Manager, Strategic Accounts ..."
Yellow.ai,CSM,Other,Mid,https://www.linkedin.com/jobs/view/customer-success-manager-at-castellum-ai-4249890560,Leadership Upgrade,2025-06-21 20:16:32,Other,False,False,Customer Success Manager
Yellow.ai,Marketing,Site Role For An Ai Marketing Executive Located In Mumbai. The Ai Marketing Executive Will Be Responsible For Market Planning,Mid,https://in.linkedin.com/jobs/view/ai-marketing-executive-at-yellow-catalog-company-online-business-directory-4207691998,General Hiring,2025-06-21 20:16:32,Marketing,False,False,Ai Marketing Executive
Yellow.ai,Marketing,Key Responsibilities: Participate In The Execution Of The Field Marketing Plan For Indonesia. Organise,Mid,https://id.linkedin.com/jobs/view/field-marketing-manager-at-yellow-ai-3902503139,Leadership Upgrade,2025-06-21 20:16:32,Marketing,False,False,Field Marketing Manager
Yellow.ai,Marketing,Marketing & Ai Systems Intern. Location: St. Augustine,Intern,https://www.linkedin.com/jobs/view/marketing-ai-systems-intern-at-yellow-card-properties-4173130012,General Hiring,2025-06-21 20:16:32,Marketing,False,False,Marketing & Ai Systems Intern
Yellow.ai,Sales,Headquartered In San Mateo,Senior,https://sg.linkedin.com/jobs/view/senior-sales-director-at-yellow-ai-4204747760,"Leadership Upgrade, Go-To-Market Expansion",2025-06-21 20:16:32,Sales,False,False,Senior Sales Director
Yellow.ai,Data,Fraud Data Analyst. Yellow Social Interactive Gibraltar ... Experts Add Insights Directly Into Each Article,Mid,https://gi.linkedin.com/jobs/view/fraud-data-analyst-at-yellow-social-interactive-4236366765,General Hiring,2025-06-21 20:16:32,Other,False,False,Fraud Data Analyst ...
Yellow.ai,Data,You Will Work Closely With Internal Stakeholders To Perform Complex Data Analysis And Create Dashboards And Reports. You Will Build ...,Senior,https://gi.linkedin.com/jobs/view/senior-data-analyst-at-yellow-social-interactive-2638319339?refId=yb5zOuMOS%2Bt7tXXdRDDluA%3D%3D&trackingId=3VJgyAenaFsV9vJscdzi5Q%3D%3D&position=3&pageNum=0&trk=public_jobs_jserp-result_search-card,General Hiring,2025-06-21 20:16:32,Other,False,False,Senior Data Analyst In ...
Yellow.ai,Design,We Are Seeking A Gtm Recruiter Who Excels At Identifying,Mid,https://in.linkedin.com/jobs/view/gtm-recruiter-at-yellow-ai-4150414276,General Hiring,2025-06-21 20:16:32,Other,False,False,"Gtm Recruiter In Bengaluru, Karnataka, India"
Yellow.ai,Design,Yellow.Ai Is The World'S Leading Enterprise,Intern,https://sg.linkedin.com/jobs/view/recruiting-intern-at-yellow-ai-4202288792,General Hiring,2025-06-21 20:16:32,Other,False,False,Recruiting Intern In Singapore
Yellow.ai,Other,See Who Yellow.Ai Has Hired For This Role. No Longer Accepting Applications. Report This Job; Close Menu. Direct Message The Job Poster From ...,Mid,https://in.linkedin.com/jobs/view/specialist-people-operations-at-yellow-ai-4157166299,General Hiring,2025-06-21 20:16:32,Other,False,False,Specialist
Yellow.ai,Design,Headhunter (Remote,Mid,https://sg.linkedin.com/jobs/view/recruiter-headhunter-remote-full-commission-based-at-timely-find-4143108597,General Hiring,2025-06-21 20:16:32,Other,True,False,Recruiter
Yellow.ai,Data,And Compliance Resource With Extensive Experience In Multiple Domains Of Information Security.,Mid,https://in.linkedin.com/jobs/view/yellow-ai-grc-analyst-vulnerability-management-at-yellow-ai-4194530132,General Hiring,2025-06-21 20:16:32,Other,False,False,Yellow.Ai
Yellow.ai,Engineering,You Will Be Responsible For Designing And Developing Yellow'S Voice Platform.,Mid,https://in.linkedin.com/jobs/view/voice-engineer-at-yellow-ai-4218615383,General Hiring,2025-06-21 20:16:32,Engineering,False,False,"Voice Engineer In Bengaluru, Karnataka ..."
Yellow.ai,Other,Speech Specialist (Asr). Location: Bangalore (India). Type: Full,Lead,https://in.linkedin.com/jobs/view/lead-speech-ai-scientist-%E2%80%93-multilingual-asr-at-yal-ai-4215254672,Leadership Upgrade,2025-06-21 20:16:32,Other,False,False,Lead Speech Ai Scientist
Yellow.ai,Engineering,And Maintain Robust And Scalable Python,Lead,https://in.linkedin.com/jobs/view/lead-ai-engineer-at-isteer-4223296558,Leadership Upgrade,2025-06-21 20:16:32,Engineering,False,False,"Lead Ai Engineer In Bengaluru, Karnataka, India"
Yellow.ai,Engineering,Lead Ai Engineer,Lead,https://in.linkedin.com/jobs/view/lead-ai-engineer-machine-learning-at-zs-4204806567,Leadership Upgrade,2025-06-21 20:16:32,Engineering,False,False,Lead Ai Engineer
Yellow.ai,Engineering,We Focus On Ensuring Platform Stability,Mid,https://in.linkedin.com/jobs/view/site-reliability-engineer-at-yellow-ai-4169914492,General Hiring,2025-06-21 20:16:32,Engineering,False,False,Site Reliability Engineer
Graphy,Product,We Are Seeking A Product Manager To Spearhead The Growth And Development Of Our Us Market. As The Product Manager For Graphy'S Us Business,Mid,https://in.linkedin.com/jobs/view/product-manager-at-graphy-inc-4243284948,"Leadership Upgrade, New Product Initiative",2025-06-21 20:16:32,Product,False,True,Product Manager
Graphy,Other,Position Overview. We'Re Seeking A Product Operations Intern To Help Bridge The Gap Between Our Product And Customer Support Teams.,Intern,https://in.linkedin.com/jobs/view/product-operations-intern-at-graphy-inc-4226896460,New Product Initiative,2025-06-21 20:16:32,Other,False,False,Product Operations Intern
Graphy,Product,2 Years Experience) Company: Graphy Inc. Location: Bengaluru,Mid,https://in.linkedin.com/jobs/view/sales-development-executive-us-at-graphy-inc-4212687401,Go-To-Market Expansion,2025-06-21 20:16:32,Product,False,True,Sales Development Executive (Us)
Graphy,Product,About The Role: As A Sales Development Intern At Graphy,Intern,https://in.linkedin.com/jobs/view/intern-sales-development-at-graphy-inc-4235884753,Go-To-Market Expansion,2025-06-21 20:16:32,Product,False,True,"Intern, Sales Development"
Graphy,Product,Graphy Inc. Is On The Lookout For Energetic And Ambitious Sales Development Executives To Join Our Bengaluru,Mid,https://in.linkedin.com/jobs/view/sales-development-executive-at-graphy-inc-4250509191,Go-To-Market Expansion,2025-06-21 20:16:32,Product,False,True,Sales Development Executive
Graphy,Product,Skills: Prospecting,Junior,https://in.linkedin.com/jobs/view/sales-development-associate-at-graphy-inc-4148583406,Go-To-Market Expansion,2025-06-21 20:16:32,Product,False,True,Sales Development Associate
Graphy,Product,The Candidate Should Have Proven Experience Of Onboarding Big Youtubers/Creators/Educators/Influencers Via Outbound Channels In Us Shift.,Junior,https://in.linkedin.com/jobs/view/sales-development-associate-at-graphy-inc-4176669383,Go-To-Market Expansion,2025-06-21 20:16:32,Product,False,True,Sales Development Associate ...
Graphy,Engineering,We'Re Seeking A Dynamic Frontend Developer Eager To Create Exceptional Web Experiences. You'Ll Work With Modern Tech Stacks And Have The Opportunity To Explore ...,Mid,https://in.linkedin.com/jobs/view/frontend-developer-at-graphy-inc-4224617641,General Hiring,2025-06-21 20:16:32,Engineering,False,False,Frontend Developer In Bangalore Urban ...
Graphy,Engineering,We Are Seeking A Backend Developer To Join Our Team. The Ideal Candidate Should Have Experience Working With Java,Mid,https://in.linkedin.com/jobs/view/backend-engineer-at-graphy-inc-4158521540,General Hiring,2025-06-21 20:16:32,Engineering,False,False,Backend Engineer
Graphy,Design,And Information Technology ...,Mid,https://in.linkedin.com/jobs/view/web-designer-at-graphy-inc-4145617917,Design Overhaul,2025-06-21 20:16:32,Other,False,False,"Web Designer In Bengaluru, Karnataka ..."
Graphy,Engineering,Other,Senior,https://pk.linkedin.com/jobs/view/senior-full-stack-laravel-developer-at-designo-graphy-4192788783,General Hiring,2025-06-21 20:16:32,Engineering,False,False,Senior Full Stack Laravel Developer
Graphy,Engineering,4 Years Of Experience. Location: Bangalore (5 Days Work From Office).,Mid,https://in.linkedin.com/jobs/view/android-developer-at-graphy-inc-4175281694,General Hiring,2025-06-21 20:16:32,Engineering,False,False,Android Developer
Graphy,Engineering,This Remote Job Offer Is Only For Pakistan. Key Responsibilities: Develop,Mid,https://pk.linkedin.com/jobs/view/full-stack-web-developer-at-designo-graphy-4032204073,General Hiring,2025-06-21 20:16:32,Engineering,True,False,Full Stack Web Developer In Pakistan
Graphy,Engineering,We Are Looking For A Senior Web Developer To Build And Maintain Functional Web Pages And Applications. Senior Web Developer Responsibilities Include Leading ...,Senior,https://pk.linkedin.com/jobs/view/senior-web-developer-at-designo-graphy-3363423865,General Hiring,2025-06-21 20:16:32,Engineering,False,False,Senior Web Developer In Pakistan
Graphy,Design,Other,Mid,https://in.linkedin.com/jobs/view/intern-ui-ux-design-at-graphy-inc-4236596496,General Hiring,2025-06-21 20:16:32,Other,False,False,"Ui/Ux Design In Bengaluru, Karnataka, India"
Graphy,Design,Our Client Is A Leading Consulting Firm With Regional Coverage. They Are Looking For Ui/Ux Designer And Graphic Designer To Join Their Team.,Mid,https://hk.linkedin.com/jobs/view/ui-ux-designer-graphic-designer-at-adecco-4197705855,Design Overhaul,2025-06-21 20:16:32,Other,False,False,Ui/Ux Designer / Graphic Designer
Graphy,Design,Requirements: Education: Minimum Of An Associate'S Or Bachelor'S Degree In Graphic Design,Mid,https://www.linkedin.com/jobs/view/ux-ui-web-designer-figma-at-the-spartan-it-group-llc-4136486029,Design Overhaul,2025-06-21 20:16:32,Other,False,False,Ux/Ui Web Designer (Figma)
Graphy,Design,Required Criteria: ✔️ Proven Experience In Outbound Sales,Mid,https://www.linkedin.com/jobs/view/designer-graphic-ui-ux-designer-at-remote-sharks-4171966288,Design Overhaul,2025-06-21 20:16:32,Other,False,False,Designer (Graphic/Ui/Ux Designer)
Graphy,Design,1 Year Of Experience In Graphic Design Encompassing Visual Design,Mid,https://www.linkedin.com/jobs/view/visual-designer-android-and-pixel-ux-at-google-4238806459,Design Overhaul,2025-06-21 20:16:32,Other,False,False,"Visual Designer, Android And Pixel Ux"
Graphy,CSM,Ensuring That Customers Are On Track To Achieve Their Desired Outcomes. • Monitor Customer Usage ...,Mid,https://in.linkedin.com/jobs/view/customer-success-manager-at-graphy-inc-4235097846,Leadership Upgrade,2025-06-21 20:16:32,Other,False,False,Customer Success Manager
Graphy,CSM,Customer Success Intern. Location: On,Intern,https://in.linkedin.com/jobs/view/customer-success-intern-at-graphy-inc-4250890317,General Hiring,2025-06-21 20:16:32,Other,False,False,Customer Success Intern
Graphy,CSM,You Will Be Responsible For Managing And Nurturing Our Customer Relationships.,Junior,https://in.linkedin.com/jobs/view/associate-senior-associate-customer-success-at-graphy-inc-4208028016,General Hiring,2025-06-21 20:16:32,Other,False,False,"Associate / Senior Associate, Customer Success"
Graphy,CSM,You Will Be Heading Our Customer Success Team Who Helps Our Customers Adopt Data,Mid,https://in.linkedin.com/jobs/view/customer-success-manager-at-shopalyst-4185428539,Leadership Upgrade,2025-06-21 20:16:32,Other,False,False,Customer Success Manager
Graphy,CSM,You Will Work With A Portfolio Of Milestone'S Prestigious Customers Within The Hospitality Industry.,Mid,https://in.linkedin.com/jobs/view/customer-success-manager-at-milestone-inc-4150036113,Leadership Upgrade,2025-06-21 20:16:32,Other,False,False,Customer Success Manager
Graphy,Marketing,Role: Marketing Intern. Location: Bangalore,Intern,https://in.linkedin.com/jobs/view/marketing-intern-at-graphy-inc-4238095126,General Hiring,2025-06-21 20:16:32,Marketing,False,False,Marketing Intern
Graphy,Marketing,As A Marketing Intern,Intern,https://in.linkedin.com/jobs/view/marketing-intern-at-graphy-inc-4181295852,General Hiring,2025-06-21 20:16:32,Marketing,False,False,Marketing Intern
Graphy,Marketing,We Are Looking For A Dynamic Influencer Marketing Manager With 2,Lead,https://in.linkedin.com/jobs/view/influencer-marketing-lead-at-graphy-inc-4191534614,Leadership Upgrade,2025-06-21 20:16:32,Marketing,False,False,Influencer Marketing Lead
Graphy,Design,Designo Graphy Is Looking For A Social Media Marketer Responsible For Developing Strategies To Enhance A Company'S Online Presence,Mid,https://pk.linkedin.com/jobs/view/social-media-marketing-specialist-at-designo-graphy-4174148301,General Hiring,2025-06-21 20:16:32,Marketing,False,False,Social Media Marketing Specialist
Graphy,Data,We'Re Seeking A Data Scientist With A Passion For Graph Theory And Algorithm Development To Join A High,Mid,https://www.linkedin.com/jobs/view/data-scientist-%E2%80%93-graph-analysis-algorithms-fully-cleared-at-intelliforce-it-solutions-group-llc-4238972698,General Hiring,2025-06-21 20:16:32,Other,False,False,Data Scientist
Graphy,Data,Perform Data Modeling,Senior,https://www.linkedin.com/jobs/view/senior-data-consultant-graph-semantics-at-lensa-4252529480,General Hiring,2025-06-21 20:16:32,Other,False,False,Senior Data Consultant
Graphy,Data,You Will Transform Data Into Clear,Mid,https://www.linkedin.com/jobs/view/data-analyst-at-santcore-technologies-4227687776,General Hiring,2025-06-21 20:16:32,Other,False,False,"Data Analyst In Rockville, Md"
Graphy,Data,This Position Focuses On Working With Claims Data And Requires Expertise In Applied Data Science,Mid,https://www.linkedin.com/jobs/view/data-analyst-at-bgb-group-4140181685,General Hiring,2025-06-21 20:16:32,Other,False,False,Data Analyst
Graphy,Data,Visionist Has An Exciting New,Mid,https://www.linkedin.com/jobs/view/data-scientist-graph-analysis-at-visionist-inc-4239795737,General Hiring,2025-06-21 20:16:32,Other,False,False,Data Scientist (Graph Analysis)
Graphy,Engineering,Tx) (3 Days Onsite In A Week,Mid,https://www.linkedin.com/jobs/view/neo4j-tiger-graph-developer-full-time-pittsburgh-pa-cleveland-oh-dallas-tx-3-days-onsite-in-a-week-hybrid-at-jobs-via-dice-4250308824,General Hiring,2025-06-21 20:16:32,Engineering,False,False,"Neo4J / Tiger Graph Developer (Full Time) (Pittsburgh, Pa ..."
Graphy,Other,Three To Five Years' Experience Within A Leading Consulting Firm Or Corporate Strategy Or Development Role,Senior,https://www.linkedin.com/jobs/view/manager-and-senior-experienced-hires-at-graph-strategy-4152379952?position=33&pageNum=0&refId=6h0yEuaYyqbvYE9WHHXTUQ%3D%3D&trackingId=nFzBbCogUtuowcOUoUmxXA%3D%3D,Leadership Upgrade,2025-06-21 20:16:32,Other,False,False,Manager And Senior Experienced Hires
Graphy,Design,What You'Ll Be Doing: Build Your Book Of Business By Generating Leads,Mid,https://www.linkedin.com/jobs/view/full-desk-recruiter-100%25-remote-%2B-commission-at-shtudy-4250118278,General Hiring,2025-06-21 20:16:32,Other,False,False,Full Desk Recruiter
Graphy,Engineering,Salesforce Is Seeking A Skilled And Innovative Senior Member Of Technical Staff To Contribute To Intelligent Search And Knowledge Graph Solutions.,Mid,https://www.linkedin.com/jobs/view/software-engineering-search-and-knowledge-graph-at-tableau-4188340443,Engineering Buildout,2025-06-21 20:16:32,Engineering,False,False,Software Engineering
Graphy,Engineering,We Are Looking For A Highly Experienced Graph Lead Developer To Lead ... 10+ Years Of Experience In Software Or Data Engineering,Lead,https://www.linkedin.com/jobs/view/graph-lead-developer-fulltime-at-aklip-technologies-4253167443,Leadership Upgrade,2025-06-21 20:16:32,Engineering,False,False,Graph Lead Developer (Fulltime)
Graphy,Engineering,Required Skills & Experience: 10+ Years Of Experience In Software Or Data Engineering,Lead,https://www.linkedin.com/jobs/view/graph-lead-developer-at-aklip-technologies-4252041335,Leadership Upgrade,2025-06-21 20:16:32,Engineering,False,False,Graph Lead Developer
Graphy,Engineering,Required Skills & Experience: 10+ Years Of Experience In Software Or Data Engineering,Lead,https://www.linkedin.com/jobs/view/graph-lead-developer-at-jobs-via-dice-4251508557,Leadership Upgrade,2025-06-21 20:16:32,Engineering,False,False,"Graph Lead Developer In Pittsburgh, Pa"
Graphy,Engineering,Proven Track Record Of Building And Scaling Machine Learning Models In Business Applications Using Large Datasets. Experience With Knowledge Graph Technologies,Senior,https://www.linkedin.com/jobs/view/senior-machine-learning-engineering-manager-knowledge-graph-at-atlassian-4219010233,Leadership Upgrade,2025-06-21 20:16:32,Engineering,False,False,Senior Machine Learning Engineering Manager
Graphy,Engineering,The Graph Is The Foundational Data Layer Teamwork Graph Logically Representing All Of A Customer'S Data,Senior,https://www.linkedin.com/jobs/view/senior-machine-learning-engineering-manager-teamwork-graph-at-atlassian-4216593862,Leadership Upgrade,2025-06-21 20:16:32,Engineering,False,False,Senior Machine Learning Engineering Manager
Graphy,Engineering,As A Tanium Senior Software Engineer Focused On Graph Database Development,Senior,https://www.linkedin.com/jobs/view/senior-software-engineer-graph-database-at-tanium-4251816199,Engineering Buildout,2025-06-21 20:16:32,Engineering,False,False,Senior Software Engineer
Kala.ai,Product,Kalaja Talent Consulting Sh.P.K Is Seeking A Product Manager. Main Responsibilities: Receives Tasks From The Head Of The Purchasing Department.,Mid,https://al.linkedin.com/jobs/view/product-manager-at-kalaja-talent-consulting-4115978881,"Leadership Upgrade, New Product Initiative",2025-06-21 20:16:32,Product,False,True,Product Manager
Kala.ai,Sales,We'Re Looking For A Dynamic And Results,Mid,https://in.linkedin.com/jobs/view/b2b-sales-and-marketing-executive-at-kala-ai-and-expert-based-hiring-4198340083,Go-To-Market Expansion,2025-06-21 20:16:32,Sales,False,False,B2B Sales And Marketing Executive
Kala.ai,HR,You Will Play A Pivotal Role In Scaling Our Portfolio Companies—Fpgrowth.Io,Junior,https://in.linkedin.com/jobs/view/strategy-and-operations-associate-at-firstprinciples-holding-company-4160674668,General Hiring,2025-06-21 20:16:32,HR,False,False,Hr Strategy And Operations Associate
Kala.ai,Other,A Key Member Of The Kala Team Is A Project Architect Who Thrives At The Intersection Of Design Excellence And Technical Execution And Plays A ...,Mid,https://www.linkedin.com/jobs/view/project-architect-at-kala-performance-homes-4248907172,General Hiring,2025-06-21 20:16:32,Other,False,False,Project Architect
Kala.ai,Other,Kala Cassette Is Looking For An Enthusiastic Team Member. We Are In Need Of A Creative,Mid,https://in.linkedin.com/jobs/view/social-media-executive-at-kala-cassette-4249515398,General Hiring,2025-06-21 20:16:32,Other,False,False,Social Media Executive ...
Kala.ai,Other,We'Re Seeking Motivated Individuals For Flexible,Mid,https://www.linkedin.com/jobs/view/administrative-specialist-at-kala-solutions-com-4171499355,General Hiring,2025-06-21 20:16:32,Other,False,False,Administrative Specialist In Fort ...
Kala.ai,Other,We'Re Seeking Motivated Individuals For Flexible,Mid,https://www.linkedin.com/jobs/view/administrative-specialist-at-kala-solutions-com-4171479223,General Hiring,2025-06-21 20:16:32,Other,False,False,Administrative Specialist In Kendall ...
Kala.ai,Sales,Kala Is Hiring For Flora Peach: We Are Looking For Motivated And Goal,Mid,https://in.linkedin.com/jobs/view/b2b-sales-executive-multiple-locations-at-kala-ai-and-expert-based-hiring-4183360731,Go-To-Market Expansion,2025-06-21 20:16:32,Sales,False,False,B2B Sales Executive
Kala.ai,Sales,We'Re Unlocking Community Knowledge In A New Way. Experts Add Insights Directly Into Each Article,Mid,https://www.linkedin.com/jobs/view/inside-sales-representative-new-business-at-kala-brand-music-136337265,Go-To-Market Expansion,2025-06-21 20:16:32,Sales,False,False,Inside Sales Representative
Kala.ai,Product,We'Re Hiring: B2B Sales Closer (Hotels & Restaurants)I'M Isha Kavaiya,Mid,https://in.linkedin.com/jobs/view/business-development-manager-at-kala-imaginarium-4238393174,Leadership Upgrade,2025-06-21 20:16:32,Product,False,True,Business Development Manager ...
Kala.ai,Sales,The Role Includes Tasks Such As Developing And Implementing Sales Strategies,Mid,https://www.linkedin.com/jobs/view/treasury-management-regional-sales-manager-at-encore-bank-4231971315,Go-To-Market Expansion,2025-06-21 20:16:32,Sales,False,False,Treasury Management Regional Sales ...
Kala.ai,Product,Wireless Service Provider Working With Our Wireless Sales ...,Mid,https://www.linkedin.com/jobs/view/manager-business-development-wireless-us-world-wide-accounts-at-wesco-4221747195,Leadership Upgrade,2025-06-21 20:16:32,Product,False,True,Manager
Kala.ai,Sales,Ltd. The Channel Sales Account Manager Will Be Responsible For Managing Relationships With Channel Partners,Mid,https://in.linkedin.com/jobs/view/channel-sales-account-manager-at-kala-genset-pvt-ltd-india-4233763417,"Leadership Upgrade, Go-To-Market Expansion",2025-06-21 20:16:32,Sales,False,False,Channel Sales Account Manager
Kala.ai,Sales,Develop Sales/Supplier Plans To Drive Account Growth And Retention While Utilizing Sales Management Tools To Track And Measure Progress.,Senior,https://www.linkedin.com/jobs/view/senior-outside-sales-representative-security-integrators-at-wesco-4227185468,Go-To-Market Expansion,2025-06-21 20:16:32,Sales,False,False,Senior Outside Sales Representative (Security Integrators)
Kala.ai,Engineering,Site Role For A Software Developer At Kala ... Experts Add Insights Directly Into Each Article,Mid,https://in.linkedin.com/jobs/view/software-developer-at-kala-group-4151257262,General Hiring,2025-06-21 20:16:32,Engineering,False,False,Software Developer In Pune ...
Kala.ai,Other,Outlier Helps The World'S Most Innovative Companies Improve Their Ai Models By Providing Human Feedback. Are You An Experienced Software Engineer Who Would ...,Mid,https://in.linkedin.com/jobs/view/coding-expertise-for-ai-training-at-outlier-4207467780,General Hiring,2025-06-21 20:16:32,Other,False,False,Coding Expertise For Ai Training
Kala.ai,Engineering,We Are Seeking A Skilled And Motivated Principal Software Engineer With 4,Lead,https://in.linkedin.com/jobs/view/principal-software-engineer-mean-stack-at-unext-learning-4221883412,Engineering Buildout,2025-06-21 20:16:32,Engineering,False,False,Principal Software Engineer
Kala.ai,Other,Strong Background In Software Development,Mid,https://ie.linkedin.com/jobs/view/cofounder-cto-at-abstract-innovation-4075000441,General Hiring,2025-06-21 20:16:32,Other,False,False,Cofounder Cto
Kala.ai,Engineering,Frontend Software Engineer,Mid,https://sg.linkedin.com/jobs/view/frontend-developer-at-cyberowl-3918880486,General Hiring,2025-06-21 20:16:32,Engineering,False,False,Frontend Developer In Singapore ...
Kala.ai,Engineering,The Engineer Will Be Responsible For Designing,Mid,https://in.linkedin.com/jobs/view/engineer-at-scottill-healthcare-pvt-ltd-4239945347,General Hiring,2025-06-21 20:16:32,Engineering,False,False,Engineer ...
Kala.ai,Design,At Loading It Solutions,Mid,https://pk.linkedin.com/jobs/view/user-experience-designer-at-loading-it-solutions-4026739613,Design Overhaul,2025-06-21 20:16:32,Other,False,False,User Experience Designer ...
Kala.ai,Design,And Information ...,Mid,https://www.linkedin.com/jobs/view/full-stack-architect-amp-%238211-ui-ux-at-highbrow-llc-4215626193,General Hiring,2025-06-21 20:16:32,Other,False,False,Full Stack Architect &Amp;#8211; Ui/Ux
Kala.ai,Design,Kala And Kriti Specialize In Crafting Detailed And Accurate Architectural Models For The Construction Industry. We Combine Creativity With ...,Intern,https://in.linkedin.com/jobs/view/graphic-design-intern-at-kala-and-kriti-4186266130,General Hiring,2025-06-21 20:16:32,Other,False,False,Graphic Design Intern In India
Kala.ai,Other,Assist In Planning And Executing Digital Marketing Campaigns,Junior,https://in.linkedin.com/jobs/view/junior-search-engine-optimization-seo-specialist-in-chandigarh-mohali-mohali-mohali-uttar-pradesh-chandigarh-himachal-pradesh-uttarakhand-at-relinns-technologies-4251061036,General Hiring,2025-06-21 20:16:32,Other,False,False,Junior Search Engine Optimization (Seo) Specialist In ...
Kala.ai,Design,Royal Finesse Is An Animation Studio Specializing In Creating Video Content,Mid,https://in.linkedin.com/jobs/view/motion-graphic-designer-at-royal-finesse-3221555001,Design Overhaul,2025-06-21 20:16:32,Other,False,False,Motion Graphic Designer
Kala.ai,Design,Other,Lead,https://pk.linkedin.com/jobs/view/lead-graphic-designer-at-sa-group-4216026459,"Design Overhaul, Leadership Upgrade",2025-06-21 20:16:32,Other,False,False,Lead Graphic Designer
Kala.ai,Sales,Job Description: We Are Currently Seeking A Passionate And Customer,Mid,https://np.linkedin.com/jobs/view/stall-sales-and-customer-service-representative-at-masta-kala-4083096501,Go-To-Market Expansion,2025-06-21 20:16:32,Sales,False,False,Stall Sales And Customer Service Representative
Kala.ai,CSM,You Will Be Responsible For Ensuring ...,Senior,https://np.linkedin.com/jobs/view/senior-customer-success-officer-hybrid-at-right-jobs-3935061767,General Hiring,2025-06-21 20:16:32,Other,False,False,Senior Customer Success Officer (Hybrid)
Kala.ai,CSM,This Role Is All About Strengthening Relationships,Mid,https://np.linkedin.com/jobs/view/customer-success-officer-at-veda-app-%E0%A4%B5%E0%A5%87%E0%A4%A6-4228129423,General Hiring,2025-06-21 20:16:32,Other,False,False,Customer Success Officer
Kala.ai,Sales,We Are Currently Seeking A Passionate And Customer,Mid,https://np.linkedin.com/jobs/view/stall-sales-and-customer-service-representative-at-masta-kala-4245416847,Go-To-Market Expansion,2025-06-21 20:16:32,Sales,False,False,Stall Sales And Customer Service Representative
Kala.ai,Other,Recruit And Assist Prospective Students To Osu Undergraduate Admissions And Recruitment And Meet Individual Territory And Overall Admission ...,Mid,https://www.linkedin.com/jobs/view/admissions-counselor-i-admissions-counselor-sr-ii-california-at-oklahoma-state-university-4252573565,General Hiring,2025-06-21 20:16:32,Other,False,False,Admissions Counselor Sr Ii (California)
Kala.ai,Other,Demonstrated Work Experience With Strong Communication And Customer Service Skills In Order To Obtain Relevant And Accurate Information From All Interested ...,Mid,https://www.linkedin.com/jobs/view/adjudicator-at-state-of-north-carolina-4237267997,General Hiring,2025-06-21 20:16:32,Other,False,False,"Adjudicator In Raleigh, Nc"
Kala.ai,Sales,We Are Revolutionizing The Hr Sector With Our Ai,Mid,https://be.linkedin.com/jobs/view/sales-manager-for-hr-intranet-powered-by-ai-at-kala-3997316922,"Leadership Upgrade, Go-To-Market Expansion",2025-06-21 20:16:32,Sales,False,False,Sales Manager For Hr Intranet Powered By Ai
Kala.ai,Other,﻿Position Summary: Kala Brand Music Co. Is Seeking A Social Media Intern To Join Our Marketing Team. These Positions Will Primarily Create Engaging Content For ...,Intern,https://www.linkedin.com/jobs/view/social-media-intern-at-kala-brand-music-4230651573,General Hiring,2025-06-21 20:16:32,Other,False,False,Social Media Intern In California ...
Kala.ai,Data,We'Re Seeking Motivated Individuals For Flexible,Mid,https://www.linkedin.com/jobs/view/data-analyst-at-kala-solutions-com-4176431894,General Hiring,2025-06-21 20:16:32,Other,False,False,"Data Analyst In Minneapolis, Mn"
Kala.ai,Marketing,Time Marketing Partner Role Located In Ahmedabad. The Marketing Partner Will Be Responsible For Sales,Mid,https://in.linkedin.com/jobs/view/marketing-partner-at-saundhya-kala-foundation-4159049200,General Hiring,2025-06-21 20:16:32,Marketing,False,False,Marketing Partner
Kala.ai,Sales,The Opportunity Is Here. Kala Brand Music Co. Is Seeking A Sales Representative To Service The Toy And Education Markets. The Best Candidate Will Be Eager To ...,Mid,https://www.linkedin.com/jobs/view/inside-sales-representative-%E2%80%93-toy-education-market-at-kala-brand-music-205280058,Go-To-Market Expansion,2025-06-21 20:16:32,Sales,False,False,Inside Sales Representative
Kala.ai,Data,Kala: Ai And Expert Based Hiring. New Delhi,Mid,https://in.linkedin.com/jobs/view/operations-analyst-at-travclan-4156975495?refId=1bGmG5SLEHcbuUgU9xaKhw%3D%3D&trackingId=HDi7uwTFYGCURyqycnTAJQ%3D%3D&position=2&pageNum=0,General Hiring,2025-06-21 20:16:32,Other,False,False,"Operations Analyst In New Delhi, Delhi, India"
Kala.ai,Other,Job Title: Project Architect Job Description: We Are Seeking A Talented And Experienced Architect To Join Our Dynamic Team.,Mid,https://www.linkedin.com/jobs/view/project-architect-at-actalent-4252532219,General Hiring,2025-06-21 20:16:32,Other,False,False,"Project Architect In Kansas City, Mo"
Kala.ai,Design,We'Re Looking For A Project Architect + Designer With 5,Mid,https://www.linkedin.com/jobs/view/project-architect-at-helix-architecture-%2B-design-4250719558,General Hiring,2025-06-21 20:16:32,Other,False,False,Project Architect In ...
Kala.ai,Other,We Are Looking For Hardworking,Mid,https://www.linkedin.com/jobs/view/kala-no-limits-rbt-at-advance-kids-inc-4240230451,General Hiring,2025-06-21 20:16:32,Other,False,False,Kala No Limits Rbt In ...
Kala.ai,Other,This Recruitment Is Being Conducted Under The Operation Hire Hawaii (Oh,Mid,https://www.linkedin.com/jobs/view/human-resources-assistant-iii-oahu-at-state-of-hawai%CA%BBi-4236633713,General Hiring,2025-06-21 20:16:32,Other,False,False,Human Resources Assistant Iii
Kala.ai,Design,Time Custodian Position Is Responsible For Maintaining Two Separate Locations Cleanliness Of The Building Based On Assigned Cleaning ...,Mid,https://www.linkedin.com/jobs/view/custodian-full-time-aiea-oahu-at-hawaiian-building-maintenance-4240162292,General Hiring,2025-06-21 20:16:32,Other,False,False,Custodian Full-Time (Aiea
Kala.ai,Other,Other,Mid,https://www.linkedin.com/jobs/view/grocery-team-member-stocker-inventory-floor-service-customer-service-part-time-at-whole-foods-market-4244467450,General Hiring,2025-06-21 20:16:32,Other,False,False,"Grocery Team Member (Stocker, Inventory, Floor Service ..."
Kala.ai,Other,Ka'Ala Systems Technology (Kst) Corporation Has An Outstanding Opportunity To Fill An Immediate Job Opening For An Administrative Clerk / ...,Mid,https://www.linkedin.com/jobs/view/administrative-clerk-general-clerk-ii-with-dod-security-clearance-at-hire-our-heroes-veteran-job-board-4250250254,General Hiring,2025-06-21 20:16:32,Other,False,False,Administrative Clerk (General Clerk Ii) With Dod Security ...
Kala.ai,Support,We'Re Seeking Motivated Individuals For Flexible,Mid,https://www.linkedin.com/jobs/view/administrative-support-specialist-at-kala-solutions-com-4171499355,General Hiring,2025-06-21 20:16:32,Other,False,False,Administrative Support Specialist ...
Kala.ai,Other,Other,Lead,https://www.linkedin.com/jobs/view/civil-and-structural-practice-lead-at-jacobs-4232747419,Leadership Upgrade,2025-06-21 20:16:32,Other,False,False,Civil And Structural Practice Lead In ...
Kala.ai,Design,Mammoth Sports Construction Is Seeking An Experienced Candidate To Fulfill The Role Of Senior Project Design Manager.,Senior,https://www.linkedin.com/jobs/view/senior-design-project-manager-at-mammoth-3908810708,Leadership Upgrade,2025-06-21 20:16:32,Other,False,False,Senior Design Project Manager
Kala.ai,Other,Requirements: Minimum 5 Years Of Experiences In Semiconductor Industry,Mid,https://sg.linkedin.com/jobs/view/technical-program-manager-r-d-at-kla-4004981308,Leadership Upgrade,2025-06-21 20:16:32,Other,False,False,Technical Program Manager (R&D)
Kala.ai,Design,Licensed Professional Engineer In Missouri Or Ability To Obtain Within 4 Months. Minimum Of Twenty Years' Experience In The Design Of Streets And Highways.,Senior,https://www.linkedin.com/jobs/view/senior-design-build-project-manager-at-wilson-company-inc-engineers-and-architects-4205019886,Leadership Upgrade,2025-06-21 20:16:32,Other,False,False,Senior Design Build Project Manager
Razorpay,Product,Senior Product Manager. Razorpay Bengaluru,Senior,https://in.linkedin.com/jobs/view/senior-product-manager-at-razorpay-4245896954,"Leadership Upgrade, New Product Initiative",2025-06-21 20:16:32,Product,False,True,Senior Product Manager
Razorpay,Product,Time ; Job Function. Product Management And Marketing ; Industries. Software Development.,Mid,https://in.linkedin.com/jobs/view/product-manager-ii-at-razorpay-4204758990,"Leadership Upgrade, New Product Initiative",2025-06-21 20:16:32,Product,False,True,Product Manager Ii In Bengaluru ...
Razorpay,Product,You Will Be Working Closely With Seasoned Product Leaders To Help Drive The Merchant Side Adoption Of The Razorpay ...,Senior,https://in.linkedin.com/jobs/view/senior-product-manager-at-razorpay-4237620937,"Leadership Upgrade, New Product Initiative",2025-06-21 20:16:32,Product,False,True,Senior Product Manager In Bengaluru ...
Razorpay,Product,We Are Looking For An Entrepreneurial Product Manager Who Wishes To Grow Into A Subject Matter Expert And Can Work With Ease On Complex And ...,Mid,https://in.linkedin.com/jobs/view/product-manager-ii-at-razorpay-4210902225,"Leadership Upgrade, New Product Initiative",2025-06-21 20:16:32,Product,False,True,Product Manager Ii In Bengaluru ...
Razorpay,Product,Razorpay Is Looking For A Highly Motivated And Skilled Enterprise Sales Person. This Position Is An Integral Part Of Our Sales Engine. This Role ...,Junior,https://in.linkedin.com/jobs/view/senior-associate-business-development-at-razorpay-4250812475,General Hiring,2025-06-21 20:16:32,Product,False,True,Senior Associate
Razorpay,Sales,We Are Looking For A Motivated And Passionate Sales Manager To Join The South East Asia Business. Joining Razorpay At This Early Stage Offers An Exciting ...,Mid,https://sg.linkedin.com/jobs/view/sales-manager-at-razorpay-4224476299,"Leadership Upgrade, Go-To-Market Expansion",2025-06-21 20:16:32,Sales,False,False,Sales Manager In Singapore ...
Razorpay,Sales,Driven Mindset: Strong ...,Senior,https://in.linkedin.com/jobs/view/senior-manager-enterprise-sales-at-razorpay-4210901291,"Leadership Upgrade, Go-To-Market Expansion",2025-06-21 20:16:32,Sales,False,False,Senior Manager
Razorpay,Sales,Sales Strategy. Razorpay Bengaluru,Junior,https://in.linkedin.com/jobs/view/associate-manager-sales-strategy-at-razorpay-4195560504,"Leadership Upgrade, Go-To-Market Expansion",2025-06-21 20:16:32,Sales,False,False,Associate Manager
Razorpay,Sales,As An Inside Sales Representative For Payment Gateway Solutions,Junior,https://www.linkedin.com/jobs/view/3930441252/,Go-To-Market Expansion,2025-06-21 20:16:32,Sales,False,False,Inside Sales Associate In Federal Territory ...
Razorpay,Engineering,A Senior Software Development Engineer At Razorpay Is Well,Senior,https://in.linkedin.com/jobs/view/senior-software-development-engineer-at-razorpay-4251617042,General Hiring,2025-06-21 20:16:32,Engineering,False,False,Senior Software Development Engineer
Razorpay,Engineering,We'Re Looking For A Highly Capable,Mid,https://in.linkedin.com/jobs/view/software-development-engineer-in-test-at-razorpay-4138759887,General Hiring,2025-06-21 20:16:32,Engineering,False,False,Software Development Engineer In Test
Razorpay,Engineering,1+ Years Of Experience In Android Sdk Development.,Mid,https://in.linkedin.com/jobs/view/software-development-engineer-android-sdk-at-razorpay-4239272660,General Hiring,2025-06-21 20:16:32,Engineering,False,False,Software Development Engineer (Android Sdk)
Razorpay,Engineering,A Staff Engineer At Razorpay Is Well,Mid,https://in.linkedin.com/jobs/view/staff-software-development-engineer-at-razorpay-4138969675,General Hiring,2025-06-21 20:16:32,Engineering,False,False,Staff Software Development Engineer ...
Razorpay,Engineering,12 Years Of Experience Designing And Developing Large,Mid,https://in.linkedin.com/jobs/view/staff-software-development-engineer-at-razorpay-4236571953,General Hiring,2025-06-21 20:16:32,Engineering,False,False,Staff Software Development Engineer
Razorpay,Engineering,5+ Years Of Experience Developing And Testing Software. ... Passionate About All Things Automation. Knowledge Of Web Service Technologies (Rest/ ...,Senior,https://in.linkedin.com/jobs/view/senior-software-development-engineer-in-test-at-razorpay-4233415163,General Hiring,2025-06-21 20:16:32,Engineering,False,False,Senior Software Development Engineer In Test
Razorpay,Design,And Information Technology ...,Mid,https://in.linkedin.com/jobs/view/product-designer-i-at-razorpay-4242567086,"Design Overhaul, New Product Initiative",2025-06-21 20:16:32,Product,False,True,Product Designer I In Bengaluru ...
Razorpay,Design,Razorpay Is Building A New,Senior,https://in.linkedin.com/jobs/view/senior-product-designer-at-razorpay-4210902226,"Design Overhaul, New Product Initiative",2025-06-21 20:16:32,Product,False,True,Senior Product Designer In Bengaluru ...
Razorpay,Design,Translate Intricate Financial Workflows Into Elegant,Mid,https://in.linkedin.com/jobs/view/product-designer-ii-at-razorpay-4238106379?refId=Z2uRZFN8%2Bzi8AB2LWrYsZg%3D%3D&trackingId=KaxWcD8G0doxwAFYWU1WaA%3D%3D&position=19&pageNum=0,"Design Overhaul, New Product Initiative",2025-06-21 20:16:32,Product,False,True,Product Designer Ii In Bengaluru ...
Razorpay,CSM,You Will Play A Pivotal Role In Ensuring The Long,Mid,https://my.linkedin.com/jobs/view/customer-success-executive-at-curlec-by-razorpay-4160831018,General Hiring,2025-06-21 20:16:32,Other,False,False,Customer Success Executive
Razorpay,Other,Razorpay Is Building A New,Junior,https://in.linkedin.com/jobs/view/associate-manager-new-initiatives-client-success-at-razorpay-4251615252,Leadership Upgrade,2025-06-21 20:16:32,Other,False,False,"Associate Manager, New Initiatives Client Success"
Razorpay,Other,Collaborate With Sales Management To Identify Training Needs And Develop Training Programs. Create And Deliver Training Materials And Workshops To Enhance Sales ...,Junior,https://in.linkedin.com/jobs/view/associate-new-initiatives-client-success-at-razorpay-4186995618,General Hiring,2025-06-21 20:16:32,Other,False,False,"Associate, New Initiatives Client Success ..."
Razorpay,Other,Razorpay Is Building A New,Junior,https://in.linkedin.com/jobs/view/associate-manager-new-initiatives-client-success-at-razorpay-4117294557,Leadership Upgrade,2025-06-21 20:16:32,Other,False,False,Associate Manager
Razorpay,Other,Customer Engagement: Establish And Maintain Robust Relationships With Super Enterprise Merchants,Mid,https://in.linkedin.com/jobs/view/technical-account-manager-at-razorpay-4226785383,Leadership Upgrade,2025-06-21 20:16:32,Other,False,False,Technical Account Manager
Razorpay,Marketing,Razorpay Is Building A New,Mid,https://in.linkedin.com/jobs/view/manager-events-marketing-at-razorpay-4189620569,Leadership Upgrade,2025-06-21 20:16:32,Marketing,False,False,Manager
Razorpay,Marketing,Razorpay Has Raised Usd $700M+ In Funding Till Date From Marquee Investors Like Gic,Mid,https://my.linkedin.com/jobs/view/head-of-marketing-sea-at-curlec-by-razorpay-4211500657,General Hiring,2025-06-21 20:16:32,Marketing,False,False,Head Of Marketing (Sea)
Razorpay,Marketing,Job Description As A Product Marketing Manager,Mid,https://in.linkedin.com/jobs/view/razorpay-manager-product-marketing-5-10-yrs-bangalore-at-razorpay-207288111,"Leadership Upgrade, New Product Initiative",2025-06-21 20:16:32,Marketing,False,False,Razorpay
Razorpay,Other,Razorpay Is Building A New,Senior,https://in.linkedin.com/jobs/view/senior-manager-social-media-at-razorpay-4172806086,Leadership Upgrade,2025-06-21 20:16:32,Other,False,False,Senior Manager Social Media In ...
Razorpay,Marketing,You Will Be Responsible For Owning And Executing Razorpay Pos' Marketing Strategy And Content For Different Stakeholders.,Junior,https://in.linkedin.com/jobs/view/associate-manager-marketing-at-razorpay-4172341635,Leadership Upgrade,2025-06-21 20:16:32,Marketing,False,False,Associate Manager
Razorpay,Sales,Razorpay Is Building A New,Mid,https://in.linkedin.com/jobs/view/manager-campaign-management-ad-sales-at-razorpay-4200136297,Go-To-Market Expansion,2025-06-21 20:16:32,Sales,False,False,Campaign Management ( Ad Sales ) In Bengaluru ...
Razorpay,Data,4 Years Of Experience In Reporting And Analytics; Comfortable With Sql And Python; Banking/ Nbfc/ Ecomm. Experience Preferred ...,Mid,https://in.linkedin.com/jobs/view/data-analyst-business-finance-at-razorpay-4245342978,General Hiring,2025-06-21 20:16:32,Finance,False,False,Data Analyst
Razorpay,Other,Some Of The Responsibilities Include Working With Large,Senior,https://in.linkedin.com/jobs/view/senior-analytics-specialist-at-razorpay-4253098096,General Hiring,2025-06-21 20:16:32,Other,False,False,Senior Analytics Specialist In Bengaluru ...
Razorpay,Other,Razorpay Is Building A New,Mid,https://in.linkedin.com/jobs/view/manager-cross-border-at-razorpay-4252509436,Leadership Upgrade,2025-06-21 20:16:32,Other,False,False,Manager
Razorpay,Other,8+ Years In Solutions Consulting,Director,https://in.linkedin.com/jobs/view/director-solutions-consulting-at-razorpay-4219338200,Leadership Upgrade,2025-06-21 20:16:32,Other,False,False,Director
Razorpay,Other,You Will Be Responsible To Lead The Sales & Operations Teams Towards Achieving The Organization Objectives Primarily Focused On Scaling New Customer ...,Director,https://in.linkedin.com/jobs/view/director-business-management-at-razorpay-4108548131,Leadership Upgrade,2025-06-21 20:16:32,Other,False,False,Director
Razorpay,Product,Serve As A Key Point Of Contact Between L&D,Mid,https://in.linkedin.com/jobs/view/manager-learning-development-at-razorpay-4210901288,Leadership Upgrade,2025-06-21 20:16:32,Product,False,True,Manager
Razorpay,Other,Sourcing & Recruitment: Drive End,Junior,https://in.linkedin.com/jobs/view/senior-associate-talent-partner-at-razorpay-4172073574,General Hiring,2025-06-21 20:16:32,Other,False,False,"Senior Associate, Talent Partner"
Razorpay,Engineering,The Role: A Lead Software Development Engineer At Razorpay Is Well,Lead,https://in.linkedin.com/jobs/view/lead-software-development-engineer-at-razorpay-4247784802,Leadership Upgrade,2025-06-21 20:16:32,Engineering,False,False,Lead Software Development Engineer
Razorpay,Engineering,Stack Financial Services Organisation,Lead,https://in.linkedin.com/jobs/view/lead-solutions-engineer-at-razorpay-4225981914,Leadership Upgrade,2025-06-21 20:16:32,Engineering,False,False,Lead Solutions Engineer In Bengaluru ...
Razorpay,Engineering,An Overall Experience Of 10+ Years In Infrastructure; 5+ Years Of Working In The Cloud (Public,Lead,https://in.linkedin.com/jobs/view/lead-devops-engineer-at-razorpay-4150025968,Leadership Upgrade,2025-06-21 20:16:32,Engineering,False,False,Lead Devops Engineer
Razorpay,Engineering,Help Implement Effective Engineering Processes And Champion Their Adoption. The Technical Capacity And Capability To Partner With Tech Leads And ...,Senior,https://in.linkedin.com/jobs/view/director-senior-director-engineering-at-razorpay-4229108620,Leadership Upgrade,2025-06-21 20:16:32,Engineering,False,False,Director/Senior Director Engineering
Razorpay,Engineering,A Lead Software Development Engineer At Razorpay Is Well,Lead,https://in.linkedin.com/jobs/view/lead-software-development-engineer-at-razorpay-4223496918,Leadership Upgrade,2025-06-21 20:16:32,Engineering,False,False,Lead Software Development Engineer
Razorpay,Engineering,Roles And Responsibilities: Lead With Vision: Define The Strategy And Roadmap For Razorpay'S Data Platform,Mid,https://in.linkedin.com/jobs/view/engineering-manager-data-platform-at-razorpay-4235095561,Leadership Upgrade,2025-06-21 20:16:32,Engineering,False,False,Engineering Manager (Data Platform)
Razorpay,Engineering,A Senior Engineering Manager At Razorpay Is Well,Senior,https://in.linkedin.com/jobs/view/senior-engineering-manager-at-razorpay-4204368864,Leadership Upgrade,2025-06-21 20:16:32,Engineering,False,False,Senior Engineering Manager
BrowserStack,Product,You'Ll Work With A Squad Solving Challenging Problems Faced By Engineering Teams Across The Globe. You Will Own And Be Accountable For ...,Lead,https://in.linkedin.com/jobs/view/principal-product-manager-at-browserstack-4151316170,"Leadership Upgrade, New Product Initiative",2025-06-21 20:16:32,Product,False,True,Principal Product Manager In India
BrowserStack,Product,Being A Part Of Product Management Team,Senior,https://in.linkedin.com/jobs/view/193894309,"Leadership Upgrade, New Product Initiative",2025-06-21 20:16:32,Product,False,True,Senior Product Manager In {:Location}
BrowserStack,Product,Hiring For The Role Of Product Management,Mid,https://in.linkedin.com/jobs/view/product-manager-at-browserstack-195583981,"Leadership Upgrade, New Product Initiative",2025-06-21 20:16:32,Product,False,True,Product Manager In {:Location}
BrowserStack,Engineering,Community Engagement: Actively Participate In Developer Communities,Mid,https://www.linkedin.com/jobs/view/developer-advocate-at-browserstack-4206626989,General Hiring,2025-06-21 20:16:32,Engineering,False,False,Developer Advocate In United States
BrowserStack,Design,Deliver A Superior Customer Experience. Define And Achieve Holistic Product Objectives. Collaborate With Cross,Senior,https://in.linkedin.com/jobs/view/senior-product-designer-at-browserstack-4194773701,"Design Overhaul, New Product Initiative",2025-06-21 20:16:32,Product,False,True,Senior Product Designer In India
BrowserStack,Other,Lead The Management Of Key Programs Across Multiple Functions And Product Lines.,Junior,https://in.linkedin.com/jobs/view/associate-technical-program-manager-at-browserstack-4130151525,Leadership Upgrade,2025-06-21 20:16:32,Other,False,False,Associate Technical Program Manager
BrowserStack,Sales,Coach And Guide The Team In Developing Consultative And Solution,Mid,https://www.linkedin.com/jobs/view/manager-enterprise-sales-at-browserstack-4202605361,"Leadership Upgrade, Go-To-Market Expansion",2025-06-21 20:16:32,Sales,False,False,Manager
BrowserStack,Product,Reporting To The Manager Of Business Development,Mid,https://in.linkedin.com/jobs/view/business-development-representative-at-browserstack-4211431609,General Hiring,2025-06-21 20:16:32,Product,False,True,Business Development Representative
BrowserStack,Other,Generate Sales Revenue Through Prospecting,Mid,https://www.linkedin.com/jobs/view/enterprise-account-executive-at-browserstack-4202605360,General Hiring,2025-06-21 20:16:32,Other,False,False,Enterprise Account Executive
BrowserStack,Sales,Free Software For The 5 Billion Internet Users Accessing Websites And Mobile Applications Through Millions Of ...,Lead,https://in.linkedin.com/jobs/view/lead-sales-enablement-at-browserstack-4176724589,"Leadership Upgrade, Go-To-Market Expansion",2025-06-21 20:16:32,Sales,False,False,Lead
BrowserStack,Product,Join To Apply For The Business Development Representative (Remote,Mid,https://in.linkedin.com/jobs/view/business-development-representative-remote-pune-at-browserstack-4239393236,General Hiring,2025-06-21 20:16:32,Product,True,True,Business Development Representative (Remote
BrowserStack,Product,You Will Lead A Dynamic And Growing Sales Development Team In A Fast,Lead,https://in.linkedin.com/jobs/view/team-lead-business-development-at-browserstack-4206129687,Leadership Upgrade,2025-06-21 20:16:32,Product,False,True,Team Lead
BrowserStack,Design,Should Have Experience In Researching Problem Statements And Designing Solutions That Meet The Desired Ux Goals And Stakeholder ...,Mid,https://in.linkedin.com/jobs/view/user-experience-interface-designer-at-browserstack-151272002,Design Overhaul,2025-06-21 20:16:32,Other,False,False,User Experience Interface Designer In
BrowserStack,Design,Preferably 6/7+ Years Of Relevant Work Experience In Interaction Design,Lead,https://in.linkedin.com/jobs/view/lead-product-designer-mumbai-remote-at-browserstack-4230072820,"Leadership Upgrade, Design Overhaul, New Product Initiative",2025-06-21 20:16:32,Product,False,True,Lead Product Designer
BrowserStack,Design,Experience With Cross Device Testing,Mid,https://www.linkedin.com/jobs/view/ux-designer-at-assuranceamerica-4121866090,Design Overhaul,2025-06-21 20:16:32,Other,False,False,"Ux Designer In Atlanta, Ga"
BrowserStack,Design,Other,Mid,https://in.linkedin.com/jobs/view/head-of-design-at-browserstack-139106749,General Hiring,2025-06-21 20:16:32,Other,False,False,Head Of Design In {:Location}
BrowserStack,Design,Preferably 6/7+ Years Of Relevant Work Experience In Interaction Design,Lead,https://in.linkedin.com/jobs/view/lead-product-designer-at-browserstack-4198000201,"Leadership Upgrade, Design Overhaul, New Product Initiative",2025-06-21 20:16:32,Product,False,True,Lead Product Designer In India
BrowserStack,Design,Device Testing Platforms (E.G.,Mid,https://www.linkedin.com/jobs/view/ui-ux-tester-at-micro1-4250629735,General Hiring,2025-06-21 20:16:32,Other,False,False,Ui/Ux Tester In Namer
BrowserStack,CSM,Browserstack Is Looking For Someone Who Can Help Us Build And Lead Or Customer Success Team And Do What It Requires To Become A Customer Success ...,Mid,https://in.linkedin.com/jobs/view/customer-success-at-browserstack-193892694,General Hiring,2025-06-21 20:16:32,Other,False,False,Customer Success In {:Location}
BrowserStack,Engineering,000 Customers Deliver Quality Software At Speed By Moving Testing To Our Cloud. With ...,Mid,https://www.linkedin.com/jobs/view/customer-engineer-at-browserstack-4202604422,General Hiring,2025-06-21 20:16:32,Engineering,False,False,Customer Engineer In United States
BrowserStack,Engineering,Devising Smart Engineering Solutions To Enable Customers To Reach Their Development Goals With Browserstack. You Will Get Opportunities To Learn & Develop On ...,Mid,https://www.linkedin.com/jobs/view/customer-engineer-at-browserstack-4202607141,General Hiring,2025-06-21 20:16:32,Engineering,False,False,Customer Engineer In United States
BrowserStack,CSM,Driving Customer Advocacy,Lead,https://in.linkedin.com/jobs/view/customer-success-lead-remote-bangalore-hyderabad-at-browserstack-4211728478,Leadership Upgrade,2025-06-21 20:16:32,Other,False,False,Customer Success Lead (Remote
BrowserStack,CSM,10 Years Of Experience In Customer Success/Customer Facing Role; Extensive Experience In Customer Lifecycle Management,Lead,https://in.linkedin.com/jobs/view/customer-success-lead-at-browserstack-4236643671,Leadership Upgrade,2025-06-21 20:16:32,Other,False,False,Customer Success Lead In ...
BrowserStack,Marketing,Develop A Deep Understanding Of Browserstack'S Marketing Database And Help Segment It For Different Marketing Communications. Explore Opportunities For Data ...,Junior,https://in.linkedin.com/jobs/view/associate-marketing-analytics-operations-at-browserstack-4086792197,General Hiring,2025-06-21 20:16:32,Marketing,False,False,Associate
BrowserStack,Marketing,Browserstack Is The World'S Leading Software Testing Platform Powering Over Two Million Tests Every Day Across 19 Global Data Centers. Browserstack'S Products ...,Mid,https://in.linkedin.com/jobs/view/growth-marketing-strategy-remote-mumbai-at-browserstack-4206630579,General Hiring,2025-06-21 20:16:32,Marketing,False,False,Growth Marketing Strategy
BrowserStack,Marketing,The Candidate Should Have Extensive Experience Running Ads Across Major Marketing Channels And A Deep Understanding Of B2B Saas And Developer Marketing. You ...,Lead,https://in.linkedin.com/jobs/view/lead-performance-marketing-at-browserstack-4209862965,Leadership Upgrade,2025-06-21 20:16:32,Marketing,False,False,Lead
BrowserStack,Marketing,As An Associate / Lead In Revenue Marketing,Mid,https://in.linkedin.com/jobs/view/lead-revenue-marketing-remote-mumbai-at-browserstack-4235529429,General Hiring,2025-06-21 20:16:32,Marketing,False,False,Revenue Marketing (Remote
BrowserStack,Engineering,Proven Experience In B2B Saas Marketing. Background In Marketing To Developers Or Experience In Developer,Lead,https://in.linkedin.com/jobs/view/lead-developer-marketing-at-browserstack-4186073015,Leadership Upgrade,2025-06-21 20:16:32,Engineering,False,False,Lead
BrowserStack,Other,Browserstack Is Seeking A Lead,Lead,https://in.linkedin.com/jobs/view/lead-global-reporting-at-browserstack-4182357410,Leadership Upgrade,2025-06-21 20:16:32,Other,False,False,Lead
BrowserStack,Engineering,Recruiting Lead,Mid,https://in.linkedin.com/jobs/view/recruiter-engineering-hiring-contract-at-browserstack-4144117928,General Hiring,2025-06-21 20:16:32,Engineering,False,False,In India
BrowserStack,Engineering,Time. Job Function. Human Resources. Industries. Software Development. Referrals Increase Your Chances Of Interviewing At Browserstack By ...,Mid,https://in.linkedin.com/jobs/view/recruiter-engineering-at-browserstack-4158198291,General Hiring,2025-06-21 20:16:32,Engineering,False,False,Recruiter
BrowserStack,Engineering,Streaming,Mid,https://in.linkedin.com/jobs/view/engineering-manager-at-browserstack-3935082250,Leadership Upgrade,2025-06-21 20:16:32,Engineering,False,False,Engineering Manager In India
BrowserStack,Other,Other,Mid,https://www.linkedin.com/jobs/view/enterprise-account-executive-at-browserstack-4247477769,General Hiring,2025-06-21 20:16:32,Other,False,False,Enterprise Account Executive
BrowserStack,Other,… ... Who Are We And What Do We Do? Browserstack Is The World'S Leading Software Testing Platform Powering Over Two Million ...,Mid,https://in.linkedin.com/jobs/view/global-manager-consolidation-reporting-at-browserstack-4224446943,Leadership Upgrade,2025-06-21 20:16:32,Other,False,False,Global Manager
BrowserStack,Other,8–12 Years Of Professional Experience With A Strong Business Foundation—Strategy,Mid,https://in.linkedin.com/jobs/view/manager-people-culture-at-browserstack-4226127551,Leadership Upgrade,2025-06-21 20:16:32,Other,False,False,Manager
BrowserStack,Engineering,Browserstack Hiring Technical Lead,Mid,https://in.linkedin.com/jobs/view/technical-lead-customer-engineering-automation-testing-selenium-pre-sales-post-sales-remote-ncr-bengaluru-at-browserstack-4191419847,General Hiring,2025-06-21 20:16:32,Engineering,False,False,Customer Engineering
BrowserStack,Engineering,Devise Innovative Technical Approaches/Solutions To Enable Customers To Succeed With Browserstack. Work With Cross,Mid,https://in.linkedin.com/jobs/view/customer-engineering-manager-solutions-engineering-pre-post-sales-automation-testing-selenium-at-browserstack-4213199965,Go-To-Market Expansion,2025-06-21 20:16:32,Engineering,False,False,Solutions Engineering (Pre & Post Sales)/ Automation ...
Meesho,Product,Senior Product Manager . Meesho Bengaluru,Senior,https://in.linkedin.com/jobs/view/senior-product-manager-at-meesho-4251659168,"Leadership Upgrade, New Product Initiative",2025-06-21 20:16:32,Product,False,True,Senior Product Manager . In Bengaluru ...
Meesho,Product,Product Management In Meesho Closely Resembles Our Rocketship Growth. Because We Obsess Over Understanding Customer Behaviour,Mid,https://in.linkedin.com/jobs/view/product-manager-ii-at-meesho-4249670250,"Leadership Upgrade, New Product Initiative",2025-06-21 20:16:32,Product,False,True,Product Manager Ii.
Meesho,Product,Ii In Our Team,Junior,https://in.linkedin.com/jobs/view/associate-product-manager-ii-platforms-at-meesho-4139617773,"Leadership Upgrade, New Product Initiative",2025-06-21 20:16:32,Product,False,True,Associate Product Manager Ii
Meesho,Product,Product Management In Meesho Closely Resembles Our Rocketship Growth. Because We Obsess Over Understanding Customer Behaviour,Mid,https://in.linkedin.com/jobs/view/product-manager-ii-marketplace-at-meesho-4234287421,"Leadership Upgrade, New Product Initiative",2025-06-21 20:16:32,Product,False,True,Product Manager Ii
Meesho,Product,Meesho Bengaluru,Mid,https://in.linkedin.com/jobs/view/product-manager-ii-ai-at-meesho-4234086334,"Leadership Upgrade, New Product Initiative",2025-06-21 20:16:32,Product,False,True,Product Manager Ii
Meesho,Product,As A Group Product Manager In Our Team,Mid,https://in.linkedin.com/jobs/view/group-product-manager-at-meesho-4243556616,"Leadership Upgrade, New Product Initiative",2025-06-21 20:16:32,Product,False,True,Group Product Manager
Meesho,Product,Job Function. Product Management And Marketing,Mid,https://in.linkedin.com/jobs/view/group-product-manager-at-meesho-4243813353,"Leadership Upgrade, New Product Initiative",2025-06-21 20:16:32,Product,False,True,Group Product Manager . In Bengaluru ...
Meesho,Sales,As A Sales Manager Specializing In Bpo Products,Mid,https://in.linkedin.com/jobs/view/enterprise-sales-manager-at-meesho-4099099955,"Leadership Upgrade, Go-To-Market Expansion",2025-06-21 20:16:32,Sales,False,False,Enterprise Sales Manager
Meesho,Sales,From Prospecting To Contract Negotiation And Closing ...,Mid,https://in.linkedin.com/jobs/view/sales-manager-at-meesho-4099099955,"Leadership Upgrade, Go-To-Market Expansion",2025-06-21 20:16:32,Sales,False,False,"Sales Manager In Bengaluru, Karnataka, India"
Meesho,Sales,Ad Sales Team Supports Meesho Advertisers In Meeting Their Growth Goals. Our Objective Is To Increase The Share Of Wallet As Advertising Revenue From These ...,Junior,https://in.linkedin.com/jobs/view/senior-associate-ad-sales-at-meesho-4005824765,Go-To-Market Expansion,2025-06-21 20:16:32,Sales,False,False,Senior Associate
Meesho,Other,We Are Looking For An Experienced Senior Business Manager To Lead & Scale Category Business For Meesho. In This Role,Senior,https://in.linkedin.com/jobs/view/senior-business-manager-h-a-at-meesho-4151097735,Leadership Upgrade,2025-06-21 20:16:32,Other,False,False,Senior Business Manager
Meesho,Other,The Area Manager Will Be Responsible For Overseeing And Managing The Operations Of The Assigned Area,Mid,https://in.linkedin.com/jobs/view/area-manager-at-meesho-4250166441,Leadership Upgrade,2025-06-21 20:16:32,Other,False,False,"Area Manager In New Delhi, Delhi, India"
Meesho,Other,Business Development And Sales. Industries. Technology,Mid,https://in.linkedin.com/jobs/view/cluster-head-consolidation-at-meesho-4247467562,General Hiring,2025-06-21 20:16:32,Other,False,False,Cluster Head
Meesho,Engineering,As An Sde Ii Devops Engineer,Mid,https://in.linkedin.com/jobs/view/software-development-engineer-ii-devops-at-meesho-3919092388,General Hiring,2025-06-21 20:16:32,Engineering,False,False,Software Development Engineer Ii (Devops)
Meesho,Engineering,Other,Mid,https://in.linkedin.com/jobs/view/software-development-engineer-iv-android-at-meesho-4249837883,General Hiring,2025-06-21 20:16:32,Engineering,False,False,Software Development Engineer Iv Android
Meesho,Engineering,Software Development Engineer Iii,Mid,https://in.linkedin.com/jobs/view/software-development-engineer-iii-frontend-at-meesho-4202614214,General Hiring,2025-06-21 20:16:32,Engineering,False,False,Software Development Engineer Iii
Meesho,Engineering,We Are Looking For An Experienced Software Development Engineer,Mid,https://in.linkedin.com/jobs/view/software-development-engineer-iv-backend-at-meesho-4090630785,General Hiring,2025-06-21 20:16:32,Engineering,False,False,Software Development Engineer
Meesho,Engineering,You Will Gain Experience In Building Maintainable And Testable Code Bases,Mid,https://in.linkedin.com/jobs/view/software-development-engineer-ii-android-at-meesho-4071984031,General Hiring,2025-06-21 20:16:32,Engineering,False,False,Software Development Engineer Ii Android
Meesho,Engineering,Btech Degree In Computer Science Or Related Field,Mid,https://in.linkedin.com/jobs/view/software-development-engineer-iii-backend-at-meesho-4080964426,General Hiring,2025-06-21 20:16:32,Engineering,False,False,Software Development Engineer Iii -Backend
Meesho,Engineering,Join Us For An Exciting 6,Mid,https://in.linkedin.com/jobs/view/software-development-engineer-trainee-at-teknuova-4168216932,General Hiring,2025-06-21 20:16:32,Engineering,False,False,Software Development Engineer
