company_name,job_title,department,location,seniority,job_url,growth_signal_tag
Chargebee,Chargebee hiring Product Marketing Manager in Salt Lake ...,Marketing,"Chennai, India",Mid,https://www.linkedin.com/jobs/view/product-marketing-manager-at-chargebee-4236023473,"Leadership Upgrade, New Product Initiative"
Chargebee,"Chargebee hiring Staff Product Manager in Chennai, Tamil ...",Product,"Chennai, India",Mid,https://in.linkedin.com/jobs/view/staff-product-manager-at-chargebee-4243602661,"Leadership Upgrade, New Product Initiative"
Chargebee,Large Enterprise Program Manager - Chargebee,Other,"Chennai, India",Mid,https://www.linkedin.com/jobs/view/large-enterprise-program-manager-at-chargebee-4239605424,Leadership Upgrade
Chargebee,Product Marketing Manager -SAAS - Chargebee,Marketing,"Chennai, India",Mid,https://in.linkedin.com/jobs/view/product-marketing-manager-saas-at-chargebee-4248768858,"Leadership Upgrade, New Product Initiative"
Chargebee,Product Marketing Manager - Revenue Recognition,Marketing,"Chennai, India",Mid,https://in.linkedin.com/jobs/view/product-marketing-manager-revenue-recognition-at-chargebee-4247319646,"Leadership Upgrade, New Product Initiative"
Chargebee,"Business Development Representative - Lehi, UT",Product,"Chennai, India",Mid,https://www.linkedin.com/jobs/view/business-development-representative-at-chargebee-4208315795,General Hiring
Chargebee,Business Development Representative - Dublin,Product,"Chennai, India",Mid,https://ie.linkedin.com/jobs/view/business-development-representative-at-chargebee-3920389733,General Hiring
Chargebee,Business Development Representative EMEA - Chargebee,Product,"Chennai, India",Mid,https://in.linkedin.com/jobs/view/business-development-representative-emea-at-chargebee-4217444510,General Hiring
Chargebee,Enterprise Business Development Representative - Dublin,Product,"Chennai, India",Mid,https://ie.linkedin.com/jobs/view/enterprise-business-development-representative-at-chargebee-4050293110,General Hiring
Chargebee,Chargebee hiring Enterprise Account Executive in San Francisco ...,Other,"Chennai, India",Mid,https://www.linkedin.com/jobs/view/enterprise-account-executive-at-chargebee-4159002587?refId=tOoR%2B2wMXB4BiKb65mRzCA%3D%3D&trackingId=ovFGcMQ8ZdyVM7AyC4EGtw%3D%3D,General Hiring
Chargebee,Software Engineer Backend - Chargebee,Engineering,"Chennai, India",Mid,https://in.linkedin.com/jobs/view/software-engineer-backend-at-chargebee-4252795952,Engineering Buildout
Chargebee,Senior Software Engineer - Cloud Infrastructure,Engineering,"Chennai, India",Senior,https://in.linkedin.com/jobs/view/senior-software-engineer-cloud-infrastructure-at-chargebee-4249333466,Engineering Buildout
Chargebee,Lead Software Engineer - Chargebee,Engineering,"Chennai, India",Lead,https://in.linkedin.com/jobs/view/lead-software-engineer-at-chargebee-4250572150,"Leadership Upgrade, Engineering Buildout"
Chargebee,"Chargebee hiring Software Engineer in Chennai, Tamil ...",Engineering,"Chennai, India",Mid,https://in.linkedin.com/jobs/view/software-engineer-at-chargebee-4245679016,Engineering Buildout
Chargebee,"Chargebee hiring Staff Product Designer in Chennai, Tamil ...",Design,"Chennai, India",Mid,https://in.linkedin.com/jobs/view/staff-product-designer-at-chargebee-4248586460,"Design Overhaul, New Product Initiative"
Chargebee,"Senior Director, Design & Research - Chargebee",Design,"Chennai, India",Senior,https://www.linkedin.com/jobs/view/senior-director-design-research-at-chargebee-4081314653,Leadership Upgrade
Chargebee,"Deloitte hiring Lead, UX Product Designer in Atlanta, GA",Design,"Chennai, India",Lead,https://www.linkedin.com/jobs/view/lead-ux-product-designer-at-deloitte-4245935416,"Leadership Upgrade, Design Overhaul, New Product Initiative"
Chargebee,User Interaction/User Experience(UI/UX) Designer,Design,"Chennai, India",Mid,https://www.linkedin.com/jobs/view/user-interaction-user-experience-ui-ux-designer-at-m-s-consulting-4233444269,Design Overhaul
Chargebee,Chargebee Inc. hiring FRONT END ENGINEER in {:location},Engineering,"Chennai, India",Mid,https://in.linkedin.com/jobs/view/188171756,General Hiring
Chargebee,Senior Lead Software Engineer - Chargebee,Engineering,"Chennai, India",Senior,https://in.linkedin.com/jobs/view/senior-lead-software-engineer-at-chargebee-4212698827,"Leadership Upgrade, Engineering Buildout"
Chargebee,Chargebee hiring Customer Success Manager in Ireland,CSM,"Chennai, India",Mid,https://ie.linkedin.com/jobs/view/customer-success-manager-at-chargebee-4213549553,Leadership Upgrade
Chargebee,Chargebee hiring Global Head of Customer Operations ...,Other,"Chennai, India",Mid,https://www.linkedin.com/jobs/view/3829486346,General Hiring
Chargebee,Customer Success Manager (Work From Home),CSM,"Chennai, India",Mid,https://www.linkedin.com/jobs/view/customer-success-manager-work-from-home-at-persona-4225876206,Leadership Upgrade
Chargebee,"Chargebee hiring Solution Specialist, Growth & Retention ...",Other,"Chennai, India",Mid,https://www.linkedin.com/jobs/view/solution-specialist-growth-retention-at-chargebee-4074404203,General Hiring
Chargebee,Customer Success Manager - StoreHero,CSM,"Chennai, India",Mid,https://www.linkedin.com/jobs/view/3843730546,Leadership Upgrade
Chargebee,Customer Success Manager - Iron Mountain,CSM,"Chennai, India",Mid,https://www.linkedin.com/jobs/view/3767433410/,Leadership Upgrade
Chargebee,"Chargebee hiring Director, Solution Marketing in NAMER",Marketing,"Chennai, India",Director,https://www.linkedin.com/jobs/view/director-solution-marketing-at-chargebee-3747957879,Leadership Upgrade
Chargebee,Senior Director of Marketing Operations - Chargebee,Marketing,"Chennai, India",Senior,https://ie.linkedin.com/jobs/view/senior-director-of-marketing-operations-at-chargebee-4041617020,Leadership Upgrade
Chargebee,Chargebee hiring Field Marketing Manager in Dublin ...,Marketing,"Chennai, India",Mid,https://ie.linkedin.com/jobs/view/field-marketing-manager-at-chargebee-3884270144,Leadership Upgrade
Chargebee,Chargebee hiring DATA ANALYST in {:location},Data,"Chennai, India",Mid,https://in.linkedin.com/jobs/view/data-analyst-at-chargebee-188170298,General Hiring
Chargebee,"Anytime Mailbox hiring Data Analyst (Remote, Graveyard) ...",Data,"Chennai, India",Mid,https://www.linkedin.com/jobs/view/data-analyst-remote-graveyard-at-anytime-mailbox-4198214226,General Hiring
Chargebee,Senior Business System Analyst - Chargebee,Data,"Chennai, India",Senior,https://in.linkedin.com/jobs/view/senior-business-system-analyst-at-chargebee-4251178285,General Hiring
Chargebee,"Chargebee hiring Data Scientist in Chennai, Tamil Nadu ...",Data,"Chennai, India",Mid,https://in.linkedin.com/jobs/view/data-scientist-at-chargebee-4246254134,General Hiring
Chargebee,Large Enterprise Program Manager - Chargebee,Other,"Chennai, India",Mid,https://www.linkedin.com/jobs/view/large-enterprise-program-manager-at-chargebee-4220225801,Leadership Upgrade
Chargebee,Learning and Development Manager - Chargebee,Product,"Chennai, India",Mid,https://in.linkedin.com/jobs/view/learning-and-development-manager-at-chargebee-4220976643,Leadership Upgrade
Chargebee,Global People Operation Manager - Chargebee,Other,"Chennai, India",Mid,https://in.linkedin.com/jobs/view/global-people-operation-manager-at-chargebee-4194875486,Leadership Upgrade
Chargebee,"Business Recruiter: Customer Experience, Ops, G&A ...",Design,"Chennai, India",Mid,https://www.linkedin.com/jobs/view/business-recruiter-customer-experience-ops-g-a-contract-at-rippling-4243029061,General Hiring
Chargebee,Lead Performance Testing Engineer - Chargebee,Engineering,"Chennai, India",Lead,https://in.linkedin.com/jobs/view/lead-performance-testing-engineer-at-chargebee-4248737009,Leadership Upgrade
Chargebee,Lead Performance Testing Engineer - Chargebee,Engineering,"Chennai, India",Lead,https://in.linkedin.com/jobs/view/lead-performance-testing-engineer-at-chargebee-4227379783,Leadership Upgrade
Chargebee,"Chargebee hiring Senior Manager, GTM Systems in United States",Other,"Chennai, India",Senior,https://www.linkedin.com/jobs/view/senior-manager-gtm-systems-at-chargebee-4159006145,Leadership Upgrade
Chargebee,Chargebee hiring Lead Full Stack Engineer in Chennai ...,Engineering,"Chennai, India",Lead,https://in.linkedin.com/jobs/view/lead-full-stack-engineer-at-chargebee-4229245330,Leadership Upgrade
Chargebee,Lead Security Engineer - Chargebee,Engineering,"Chennai, India",Lead,https://in.linkedin.com/jobs/view/lead-security-engineer-at-chargebee-4218025908,Leadership Upgrade
Plum Insurance,Plum hiring Senior Product Manager in Bengaluru ...,Product,"Bangalore, India",Senior,https://in.linkedin.com/jobs/view/senior-product-manager-at-plum-4233979349,"Leadership Upgrade, New Product Initiative"
Plum Insurance,Senior Product Manager - Plum,Product,"Bangalore, India",Senior,https://in.linkedin.com/jobs/view/senior-product-manager-at-plum-4205239403,"Leadership Upgrade, New Product Initiative"
Plum Insurance,"Product Manager II - Bengaluru, Karnataka, India",Product,"Bangalore, India",Mid,https://in.linkedin.com/jobs/view/product-manager-ii-at-plum-4205234930,"Leadership Upgrade, New Product Initiative"
Plum Insurance,Senior Product Marketing Manager - Plum,Marketing,"Bangalore, India",Senior,https://in.linkedin.com/jobs/view/senior-product-marketing-manager-at-plum-4245640035,"Leadership Upgrade, New Product Initiative"
Plum Insurance,Group Product Manager (Savings) - Plum,Product,"Bangalore, India",Mid,https://uk.linkedin.com/jobs/view/group-product-manager-savings-at-plum-4225520957,"Leadership Upgrade, New Product Initiative"
Plum Insurance,Plum hiring Sales Leader - Multiple Locations in Bengaluru ...,Sales,"Bangalore, India",Lead,https://in.linkedin.com/jobs/view/sales-leader-multiple-locations-at-plum-4218342457,"Leadership Upgrade, Go-To-Market Expansion"
Plum Insurance,Account Executive - PLUM Commercial Real Estate Lending,Other,"Bangalore, India",Mid,https://www.linkedin.com/jobs/view/account-executive-at-plum-commercial-real-estate-lending-4227524557,General Hiring
Plum Insurance,"Account Executive, SMB Sales - Plum",Sales,"Bangalore, India",Mid,https://in.linkedin.com/jobs/view/account-executive-smb-sales-at-plum-4228243385,Go-To-Market Expansion
Plum Insurance,Outside Sales Representative,Sales,"Bangalore, India",Mid,https://www.linkedin.com/jobs/view/outside-sales-representative-at-platinum-supplemental-insurance-inc-4138175322,Go-To-Market Expansion
Plum Insurance,"VP, Voluntary Insurance, Sales & Account Management",Sales,"Bangalore, India",VP,https://www.linkedin.com/jobs/view/vp-voluntary-insurance-sales-account-management-at-ebg-4219381733,"Leadership Upgrade, Go-To-Market Expansion"
Plum Insurance,Plum hiring Software Engineer II - iOS in Bengaluru ...,Engineering,"Bangalore, India",Mid,https://in.linkedin.com/jobs/view/software-engineer-ii-ios-at-plum-4245639149,Engineering Buildout
Plum Insurance,Plum hiring Software Engineer - II - Full-stack in Bengaluru ...,Engineering,"Bangalore, India",Mid,https://in.linkedin.com/jobs/view/software-engineer-ii-full-stack-at-plum-4053046170,Engineering Buildout
Plum Insurance,Plum hiring Software Engineer - II - Backend in Bengaluru ...,Engineering,"Bangalore, India",Mid,https://in.linkedin.com/jobs/view/software-engineer-ii-backend-at-plum-4082196468,Engineering Buildout
Plum Insurance,Plum hiring Software Engineer - III - Frontend in Bengaluru ...,Engineering,"Bangalore, India",Mid,https://in.linkedin.com/jobs/view/software-engineer-iii-frontend-at-plum-4182475157,Engineering Buildout
Plum Insurance,Plum hiring Software Engineer III - FullStack,Engineering,"Bangalore, India",Mid,https://in.linkedin.com/jobs/view/software-engineer-iii-fullstack-at-plum-4175549984,Engineering Buildout
Plum Insurance,97 Plum jobs in India (3 new),Other,"Bangalore, India",Mid,https://in.linkedin.com/jobs/view/se-ii-ios-at-plum-3709789510,General Hiring
Plum Insurance,Plum hiring UX Researcher - Mixed Methods in Athens ...,Design,"Bangalore, India",Mid,https://www.linkedin.com/jobs/view/4068226565,General Hiring
Plum Insurance,Plum hiring Senior Product Designer - AI in London ...,Design,"Bangalore, India",Senior,https://uk.linkedin.com/jobs/view/senior-product-designer-ai-at-plum-4093234496,"Design Overhaul, New Product Initiative"
Plum Insurance,Senior Digital UX/UI Designer - Tonic3,Design,"Bangalore, India",Senior,https://www.linkedin.com/jobs/view/senior-digital-ux-ui-designer-at-tonic3-4223396866,Design Overhaul
Plum Insurance,Plum Προσλήψεις Senior Product Designer - Growth σε ...,Design,"Bangalore, India",Senior,https://gr.linkedin.com/jobs/view/product-designer-at-plum-4065574320,"Design Overhaul, New Product Initiative"
Plum Insurance,Plum hiring Lead - Web Experiences in Bengaluru ...,Other,"Bangalore, India",Lead,https://in.linkedin.com/jobs/view/lead-web-experiences-at-plum-4188125753,Leadership Upgrade
Plum Insurance,"Customer Success Executive, Endorsements - Plum",CSM,"Bangalore, India",Mid,https://in.linkedin.com/jobs/view/customer-success-executive-endorsements-at-plum-4223608802,General Hiring
Plum Insurance,Customer Success Manager - Plum,CSM,"Bangalore, India",Mid,https://in.linkedin.com/jobs/view/customer-success-manager-at-plum-4194705646,Leadership Upgrade
Plum Insurance,Plum hiring Customer Success Executive in Bangalore ...,CSM,"Bangalore, India",Mid,https://in.linkedin.com/jobs/view/customer-success-executive-at-plum-4247183981,General Hiring
Plum Insurance,Skill Veda hiring Customer Success Associate ...,CSM,"Bangalore, India",Junior,https://in.linkedin.com/jobs/view/customer-success-associate-at-skill-veda-4192108716,General Hiring
Plum Insurance,Leasing & Marketing Agent - The Green at Plum Creek,Marketing,"Bangalore, India",Mid,https://www.linkedin.com/jobs/view/leasing-marketing-agent-the-green-at-plum-creek-at-embrey-4226285925,General Hiring
Plum Insurance,Plum hiring Growth Marketing Manager (Referrals) in Athens ...,Marketing,"Bangalore, India",Mid,https://www.linkedin.com/jobs/view/4068427366/,Leadership Upgrade
Plum Insurance,"Marketing Coordinator, Insurance Placement Services",Marketing,"Bangalore, India",Mid,https://www.linkedin.com/jobs/view/marketing-coordinator-insurance-placement-services-at-assuredpartners-4229344645,General Hiring
Plum Insurance,Plum hiring Data Analyst in Nicosia ...,Data,"Bangalore, India",Mid,https://cy.linkedin.com/jobs/view/data-analyst-at-plum-4225527121,General Hiring
Plum Insurance,Plum hiring Senior Data Analyst in Nicosia ...,Data,"Bangalore, India",Senior,https://cy.linkedin.com/jobs/view/senior-data-analyst-at-plum-4080245561,General Hiring
Plum Insurance,"Plum hiring Senior Data Analyst in London, England, United ...",Data,"Bangalore, India",Senior,https://uk.linkedin.com/jobs/view/senior-data-analyst-at-plum-4216100003,General Hiring
Plum Insurance,Plum Προσλήψεις Data Analyst σε Athens,Data,"Bangalore, India",Mid,https://gr.linkedin.com/jobs/view/data-analyst-at-plum-4230746277?refId=A0uv3oVPAxxDiF9muhM0WQ%3D%3D&trackingId=Z1llHEXTDKli2kSJSEmyRQ%3D%3D,General Hiring
Plum Insurance,"Wiraa hiring Data Engineer, Sr. in United States",Engineering,"Bangalore, India",Mid,https://www.linkedin.com/jobs/view/data-engineer-sr-at-wiraa-4245913846,General Hiring
Plum Insurance,Talent Acquisition Lead (Leadership Hiring) - Plum,Design,"Bangalore, India",Lead,https://in.linkedin.com/jobs/view/talent-acquisition-lead-leadership-hiring-at-plum-4251512241,Leadership Upgrade
Plum Insurance,PLUM Commercial Real Estate Lending hiring Senior Data ...,Data,"Bangalore, India",Senior,https://www.linkedin.com/jobs/view/senior-data-scientist-at-plum-commercial-real-estate-lending-4230835481,General Hiring
Plum Insurance,Plum hiring HR Business Partner - Tech in Bengaluru ...,HR,"Bangalore, India",Mid,https://in.linkedin.com/jobs/view/hr-business-partner-tech-at-plum-4250581394,General Hiring
Plum Insurance,"Plum hiring Talent Acquisition Partner in Bangalore Urban, ...",Design,"Bangalore, India",Mid,https://in.linkedin.com/jobs/view/talent-acquisition-partner-at-plum-4217294840,General Hiring
Plum Insurance,Plum hiring Engineering Lead in Nicosia ...,Engineering,"Bangalore, India",Lead,https://cy.linkedin.com/jobs/view/engineering-lead-at-plum-4148684781,Leadership Upgrade
Plum Insurance,Senior Engineering Lead (Brokerage) - Plum,Engineering,"Bangalore, India",Senior,https://uk.linkedin.com/jobs/view/senior-engineering-lead-brokerage-at-plum-4249016099,Leadership Upgrade
Plum Insurance,Plum hiring Engineering Lead (Core Experience) ...,Engineering,"Bangalore, India",Lead,https://cy.linkedin.com/jobs/view/engineering-lead-core-experience-at-plum-3936130537,Leadership Upgrade
Plum Insurance,Plum hiring Director of Engineering in Nicosia ...,Engineering,"Bangalore, India",Director,https://cy.linkedin.com/jobs/view/director-of-engineering-at-plum-4246351618,Leadership Upgrade
Yellow.ai,"Yellow.ai hiring Product Specialist in Bengaluru, Karnataka ...",Other,"San Mateo, USA",Mid,https://in.linkedin.com/jobs/view/product-specialist-at-yellow-ai-4205795928,New Product Initiative
Yellow.ai,Senior Customer Success Manager - Yellow.ai,CSM,"San Mateo, USA",Senior,https://www.linkedin.com/jobs/view/senior-customer-success-manager-at-yellow-ai-4240944536,Leadership Upgrade
Yellow.ai,Engagement Manager - Product Transformation (Retail Industry),Other,"San Mateo, USA",Mid,https://www.linkedin.com/jobs/view/engagement-manager-product-transformation-retail-industry-at-capital-markets-placement-4224958835,"Leadership Upgrade, New Product Initiative"
Yellow.ai,Experienced Product Coach,Other,"San Mateo, USA",Mid,https://www.linkedin.com/jobs/view/experienced-product-coach-at-product-career-accelerator-4238291906,New Product Initiative
Yellow.ai,Yellow.ai hiring Enterprise Account Manager in Bengaluru ...,Other,"San Mateo, USA",Mid,https://in.linkedin.com/jobs/view/enterprise-account-manager-at-yellow-ai-4250412420,Leadership Upgrade
Yellow.ai,Regional Marketing Manager - Yellow.ai,Marketing,"San Mateo, USA",Mid,https://sg.linkedin.com/jobs/view/regional-marketing-manager-at-yellow-ai-3749190284,Leadership Upgrade
Yellow.ai,Senior Sales Director - Yellow.ai,Sales,"San Mateo, USA",Senior,https://sg.linkedin.com/jobs/view/senior-sales-director-at-yellow-ai-4213896912,"Leadership Upgrade, Go-To-Market Expansion"
Yellow.ai,Enterprise Sales Manager - Yellow.ai,Sales,"San Mateo, USA",Mid,https://sg.linkedin.com/jobs/view/enterprise-sales-manager-at-yellow-ai-4143860797,"Leadership Upgrade, Go-To-Market Expansion"
Yellow.ai,Business Development Representative,Product,"San Mateo, USA",Mid,https://in.linkedin.com/jobs/view/business-development-representative-at-conversas-inteligentes-by-yellow-ai-4235910837,General Hiring
Yellow.ai,Enterprise Account Executive - Yellow.ai,Other,"San Mateo, USA",Mid,https://ae.linkedin.com/jobs/view/enterprise-account-executive-at-yellow-ai-4224330021,General Hiring
Yellow.ai,Presales Solutions Consultant - Yellow.ai,Sales,"San Mateo, USA",Mid,https://www.linkedin.com/jobs/view/presales-solutions-consultant-at-yellow-ai-4157301578?lg=en,Go-To-Market Expansion
Yellow.ai,Software Development Engineer - VoIP Platform,Engineering,"San Mateo, USA",Mid,https://in.linkedin.com/jobs/view/software-development-engineer-voip-platform-at-yellow-ai-4248381580,General Hiring
Yellow.ai,"Yellow.ai hiring AI / ML Engineer in Bengaluru, Karnataka ...",Engineering,"San Mateo, USA",Mid,https://in.linkedin.com/jobs/view/ai-ml-engineer-at-yellow-ai-4218615397,General Hiring
Yellow.ai,"Yellow.ai hiring DevOps Engineer in Bengaluru, Karnataka ...",Engineering,"San Mateo, USA",Mid,https://in.linkedin.com/jobs/view/devops-engineer-at-yellow-ai-4192932433,General Hiring
Yellow.ai,Yellow.ai hiring Site Reliability Engineer - AWS/Azure in ...,Engineering,"San Mateo, USA",Mid,https://in.linkedin.com/jobs/view/site-reliability-engineer-aws-azure-at-yellow-ai-4182366583,General Hiring
Yellow.ai,Yellow.ai - DevOps Engineer - Cloud Infrastructure,Engineering,"San Mateo, USA",Mid,https://in.linkedin.com/jobs/view/yellow-ai-devops-engineer-cloud-infrastructure-at-yellow-ai-4197606125,General Hiring
Yellow.ai,Yellow.ai - Support Engineer - IT Automation,Engineering,"San Mateo, USA",Mid,https://in.linkedin.com/jobs/view/yellow-ai-support-engineer-it-automation-at-yellow-ai-4193624729,General Hiring
Yellow.ai,UX Developer + Designer - Scout Collective,Engineering,"San Mateo, USA",Mid,https://www.linkedin.com/jobs/view/ux-developer-%2B-designer-at-scout-collective-4245587778,Design Overhaul
Yellow.ai,SaveState AI hiring UX/UI Designer Intern (Unpaid) in New York ...,Design,"San Mateo, USA",Intern,https://www.linkedin.com/jobs/view/ux-ui-designer-intern-unpaid-at-savestate-ai-4193934984,Design Overhaul
Yellow.ai,UX Designer - Yellow Slice,Design,"San Mateo, USA",Mid,https://in.linkedin.com/jobs/view/ux-designer-at-yellow-slice-208236296,Design Overhaul
Yellow.ai,Yellow Slice hiring UI / UX Designer in {:location},Design,"San Mateo, USA",Mid,https://in.linkedin.com/jobs/view/ui-ux-designer-at-yellow-slice-196188684,Design Overhaul
Yellow.ai,Salesforce Experience Cloud Developer (UI/UX Design),Engineering,"San Mateo, USA",Mid,https://in.linkedin.com/jobs/view/salesforce-experience-cloud-developer-ui-ux-design-at-marktine-it-solutions-4232688027,Go-To-Market Expansion
Yellow.ai,Customer Success Manager - Yellow.ai,CSM,"San Mateo, USA",Mid,https://id.linkedin.com/jobs/view/customer-success-manager-at-yellow-ai-3536807178,Leadership Upgrade
Yellow.ai,Customer Success Manager,CSM,"San Mateo, USA",Mid,https://www.linkedin.com/jobs/view/customer-success-manager-at-cobalt-intelligence-secretary-of-state-api-4242648189,Leadership Upgrade
Yellow.ai,Customer Success Manager - Yellow.ai,CSM,"San Mateo, USA",Mid,https://ae.linkedin.com/jobs/view/customer-success-manager-at-yellow-ai-4028708989,Leadership Upgrade
Yellow.ai,"Customer Success Manager I - San Francisco, CA",CSM,"San Mateo, USA",Mid,https://www.linkedin.com/jobs/view/customer-success-manager-i-at-brex-4184933707,Leadership Upgrade
Yellow.ai,"Senior Customer Success Manager, Strategic Accounts ...",CSM,"San Mateo, USA",Senior,https://www.linkedin.com/jobs/view/senior-customer-success-manager-strategic-accounts-east-at-abnormal-ai-4207130349,Leadership Upgrade
Yellow.ai,Customer Success Manager - Castellum.AI,CSM,"San Mateo, USA",Mid,https://www.linkedin.com/jobs/view/customer-success-manager-at-castellum-ai-4249890560,Leadership Upgrade
Yellow.ai,AI Marketing Executive - Yellow Catalog Company,Marketing,"San Mateo, USA",Mid,https://in.linkedin.com/jobs/view/ai-marketing-executive-at-yellow-catalog-company-online-business-directory-4207691998,General Hiring
Yellow.ai,Field Marketing Manager - Yellow.ai,Marketing,"San Mateo, USA",Mid,https://id.linkedin.com/jobs/view/field-marketing-manager-at-yellow-ai-3902503139,Leadership Upgrade
Yellow.ai,Marketing & AI Systems Intern - Yellow Card Properties,Marketing,"San Mateo, USA",Intern,https://www.linkedin.com/jobs/view/marketing-ai-systems-intern-at-yellow-card-properties-4173130012,General Hiring
Yellow.ai,Senior Sales Director - Yellow.ai,Sales,"San Mateo, USA",Senior,https://sg.linkedin.com/jobs/view/senior-sales-director-at-yellow-ai-4204747760,"Leadership Upgrade, Go-To-Market Expansion"
Yellow.ai,Yellow Social Interactive hiring Fraud Data Analyst ...,Data,"San Mateo, USA",Mid,https://gi.linkedin.com/jobs/view/fraud-data-analyst-at-yellow-social-interactive-4236366765,General Hiring
Yellow.ai,Yellow Social Interactive hiring Senior Data Analyst in ...,Data,"San Mateo, USA",Senior,https://gi.linkedin.com/jobs/view/senior-data-analyst-at-yellow-social-interactive-2638319339?refId=yb5zOuMOS%2Bt7tXXdRDDluA%3D%3D&trackingId=3VJgyAenaFsV9vJscdzi5Q%3D%3D&position=3&pageNum=0&trk=public_jobs_jserp-result_search-card,General Hiring
Yellow.ai,"Yellow.ai hiring GTM recruiter in Bengaluru, Karnataka, India",Design,"San Mateo, USA",Mid,https://in.linkedin.com/jobs/view/gtm-recruiter-at-yellow-ai-4150414276,General Hiring
Yellow.ai,Yellow.ai hiring Recruiting Intern in Singapore,Design,"San Mateo, USA",Intern,https://sg.linkedin.com/jobs/view/recruiting-intern-at-yellow-ai-4202288792,General Hiring
Yellow.ai,Yellow.ai hiring Specialist - People Operations in ...,Other,"San Mateo, USA",Mid,https://in.linkedin.com/jobs/view/specialist-people-operations-at-yellow-ai-4157166299,General Hiring
Yellow.ai,Recruiter | Headhunter (Remote | Full Commission-Based),Design,"San Mateo, USA",Mid,https://sg.linkedin.com/jobs/view/recruiter-headhunter-remote-full-commission-based-at-timely-find-4143108597,General Hiring
Yellow.ai,Yellow.ai - GRC Analyst - Vulnerability Management,Data,"San Mateo, USA",Mid,https://in.linkedin.com/jobs/view/yellow-ai-grc-analyst-vulnerability-management-at-yellow-ai-4194530132,General Hiring
Yellow.ai,"Yellow.ai hiring Voice Engineer in Bengaluru, Karnataka ...",Engineering,"San Mateo, USA",Mid,https://in.linkedin.com/jobs/view/voice-engineer-at-yellow-ai-4218615383,General Hiring
Yellow.ai,Lead Speech AI Scientist – Multilingual ASR,Other,"San Mateo, USA",Lead,https://in.linkedin.com/jobs/view/lead-speech-ai-scientist-%E2%80%93-multilingual-asr-at-yal-ai-4215254672,Leadership Upgrade
Yellow.ai,"iSteer hiring Lead AI Engineer in Bengaluru, Karnataka, India",Engineering,"San Mateo, USA",Lead,https://in.linkedin.com/jobs/view/lead-ai-engineer-at-isteer-4223296558,Leadership Upgrade
Yellow.ai,ZS hiring Lead AI Engineer - Machine Learning,Engineering,"San Mateo, USA",Lead,https://in.linkedin.com/jobs/view/lead-ai-engineer-machine-learning-at-zs-4204806567,Leadership Upgrade
Yellow.ai,Site Reliability Engineer - Yellow.ai,Engineering,"San Mateo, USA",Mid,https://in.linkedin.com/jobs/view/site-reliability-engineer-at-yellow-ai-4169914492,General Hiring
Graphy,Product Manager - Graphy Inc.,Product,"Bangalore, India",Mid,https://in.linkedin.com/jobs/view/product-manager-at-graphy-inc-4243284948,"Leadership Upgrade, New Product Initiative"
Graphy,Product Operations Intern - Graphy Inc.,Other,"Bangalore, India",Intern,https://in.linkedin.com/jobs/view/product-operations-intern-at-graphy-inc-4226896460,New Product Initiative
Graphy,Sales Development Executive (US) - Graphy Inc.,Product,"Bangalore, India",Mid,https://in.linkedin.com/jobs/view/sales-development-executive-us-at-graphy-inc-4212687401,Go-To-Market Expansion
Graphy,"Intern, Sales Development - Graphy Inc.",Product,"Bangalore, India",Intern,https://in.linkedin.com/jobs/view/intern-sales-development-at-graphy-inc-4235884753,Go-To-Market Expansion
Graphy,Sales Development Executive - Graphy Inc.,Product,"Bangalore, India",Mid,https://in.linkedin.com/jobs/view/sales-development-executive-at-graphy-inc-4250509191,Go-To-Market Expansion
Graphy,Sales Development Associate - Graphy Inc.,Product,"Bangalore, India",Junior,https://in.linkedin.com/jobs/view/sales-development-associate-at-graphy-inc-4148583406,Go-To-Market Expansion
Graphy,Graphy Inc. hiring Sales Development Associate ...,Product,"Bangalore, India",Junior,https://in.linkedin.com/jobs/view/sales-development-associate-at-graphy-inc-4176669383,Go-To-Market Expansion
Graphy,Graphy Inc. hiring Frontend Developer in Bangalore Urban ...,Engineering,"Bangalore, India",Mid,https://in.linkedin.com/jobs/view/frontend-developer-at-graphy-inc-4224617641,General Hiring
Graphy,Backend Engineer - Graphy Inc.,Engineering,"Bangalore, India",Mid,https://in.linkedin.com/jobs/view/backend-engineer-at-graphy-inc-4158521540,General Hiring
Graphy,"Graphy Inc. hiring Web Designer in Bengaluru, Karnataka ...",Design,"Bangalore, India",Mid,https://in.linkedin.com/jobs/view/web-designer-at-graphy-inc-4145617917,Design Overhaul
Graphy,Senior Full Stack Laravel Developer - Designo Graphy,Engineering,"Bangalore, India",Senior,https://pk.linkedin.com/jobs/view/senior-full-stack-laravel-developer-at-designo-graphy-4192788783,General Hiring
Graphy,Android Developer - Graphy Inc.,Engineering,"Bangalore, India",Mid,https://in.linkedin.com/jobs/view/android-developer-at-graphy-inc-4175281694,General Hiring
Graphy,Designo Graphy hiring Full Stack Web Developer in Pakistan,Engineering,"Bangalore, India",Mid,https://pk.linkedin.com/jobs/view/full-stack-web-developer-at-designo-graphy-4032204073,General Hiring
Graphy,Designo Graphy hiring Senior Web Developer in Pakistan,Engineering,"Bangalore, India",Senior,https://pk.linkedin.com/jobs/view/senior-web-developer-at-designo-graphy-3363423865,General Hiring
Graphy,"UI/UX Design in Bengaluru, Karnataka, India - Graphy Inc.",Design,"Bangalore, India",Mid,https://in.linkedin.com/jobs/view/intern-ui-ux-design-at-graphy-inc-4236596496,General Hiring
Graphy,UI/UX Designer / Graphic Designer - Adecco,Design,"Bangalore, India",Mid,https://hk.linkedin.com/jobs/view/ui-ux-designer-graphic-designer-at-adecco-4197705855,Design Overhaul
Graphy,UX/UI Web Designer (Figma),Design,"Bangalore, India",Mid,https://www.linkedin.com/jobs/view/ux-ui-web-designer-figma-at-the-spartan-it-group-llc-4136486029,Design Overhaul
Graphy,Designer (Graphic/UI/UX Designer) - Remote Sharks,Design,"Bangalore, India",Mid,https://www.linkedin.com/jobs/view/designer-graphic-ui-ux-designer-at-remote-sharks-4171966288,Design Overhaul
Graphy,"Visual Designer, Android and Pixel UX",Design,"Bangalore, India",Mid,https://www.linkedin.com/jobs/view/visual-designer-android-and-pixel-ux-at-google-4238806459,Design Overhaul
Graphy,Customer Success Manager - Graphy Inc.,CSM,"Bangalore, India",Mid,https://in.linkedin.com/jobs/view/customer-success-manager-at-graphy-inc-4235097846,Leadership Upgrade
Graphy,Customer Success Intern - Graphy Inc.,CSM,"Bangalore, India",Intern,https://in.linkedin.com/jobs/view/customer-success-intern-at-graphy-inc-4250890317,General Hiring
Graphy,"Associate / Senior Associate, Customer Success",CSM,"Bangalore, India",Junior,https://in.linkedin.com/jobs/view/associate-senior-associate-customer-success-at-graphy-inc-4208028016,General Hiring
Graphy,Customer Success Manager - Shopalyst,CSM,"Bangalore, India",Mid,https://in.linkedin.com/jobs/view/customer-success-manager-at-shopalyst-4185428539,Leadership Upgrade
Graphy,"Customer Success Manager - Bengaluru, Karnataka, India",CSM,"Bangalore, India",Mid,https://in.linkedin.com/jobs/view/customer-success-manager-at-milestone-inc-4150036113,Leadership Upgrade
Graphy,Marketing Intern - Graphy Inc.,Marketing,"Bangalore, India",Intern,https://in.linkedin.com/jobs/view/marketing-intern-at-graphy-inc-4238095126,General Hiring
Graphy,Marketing Intern - Graphy Inc.,Marketing,"Bangalore, India",Intern,https://in.linkedin.com/jobs/view/marketing-intern-at-graphy-inc-4181295852,General Hiring
Graphy,Influencer Marketing Lead - Graphy Inc.,Marketing,"Bangalore, India",Lead,https://in.linkedin.com/jobs/view/influencer-marketing-lead-at-graphy-inc-4191534614,Leadership Upgrade
Graphy,Social Media Marketing Specialist - Designo Graphy,Design,"Bangalore, India",Mid,https://pk.linkedin.com/jobs/view/social-media-marketing-specialist-at-designo-graphy-4174148301,General Hiring
Graphy,Data Scientist – Graph Analysis & Algorithms - Fully Cleared,Data,"Bangalore, India",Mid,https://www.linkedin.com/jobs/view/data-scientist-%E2%80%93-graph-analysis-algorithms-fully-cleared-at-intelliforce-it-solutions-group-llc-4238972698,General Hiring
Graphy,Senior Data Consultant - Graph & Semantics,Data,"Bangalore, India",Senior,https://www.linkedin.com/jobs/view/senior-data-consultant-graph-semantics-at-lensa-4252529480,General Hiring
Graphy,"Santcore Technologies hiring Data Analyst in Rockville, MD",Data,"Bangalore, India",Mid,https://www.linkedin.com/jobs/view/data-analyst-at-santcore-technologies-4227687776,General Hiring
Graphy,Data Analyst - BGB Group,Data,"Bangalore, India",Mid,https://www.linkedin.com/jobs/view/data-analyst-at-bgb-group-4140181685,General Hiring
Graphy,"Data Scientist (Graph Analysis) - Visionist, Inc.",Data,"Bangalore, India",Mid,https://www.linkedin.com/jobs/view/data-scientist-graph-analysis-at-visionist-inc-4239795737,General Hiring
Graphy,"Neo4j / Tiger Graph Developer (Full time) (Pittsburgh, PA ...",Engineering,"Bangalore, India",Mid,https://www.linkedin.com/jobs/view/neo4j-tiger-graph-developer-full-time-pittsburgh-pa-cleveland-oh-dallas-tx-3-days-onsite-in-a-week-hybrid-at-jobs-via-dice-4250308824,General Hiring
Graphy,Manager and Senior Experienced Hires - GRAPH Strategy,Other,"Bangalore, India",Senior,https://www.linkedin.com/jobs/view/manager-and-senior-experienced-hires-at-graph-strategy-4152379952?position=33&pageNum=0&refId=6h0yEuaYyqbvYE9WHHXTUQ%3D%3D&trackingId=nFzBbCogUtuowcOUoUmxXA%3D%3D,Leadership Upgrade
Graphy,Full Desk Recruiter - 100% REMOTE + Commission,Design,"Bangalore, India",Mid,https://www.linkedin.com/jobs/view/full-desk-recruiter-100%25-remote-%2B-commission-at-shtudy-4250118278,General Hiring
Graphy,Software Engineering - Search and Knowledge Graph,Engineering,"Bangalore, India",Mid,https://www.linkedin.com/jobs/view/software-engineering-search-and-knowledge-graph-at-tableau-4188340443,Engineering Buildout
Graphy,Graph Lead Developer (Fulltime) - Aklip Technologies,Engineering,"Bangalore, India",Lead,https://www.linkedin.com/jobs/view/graph-lead-developer-fulltime-at-aklip-technologies-4253167443,Leadership Upgrade
Graphy,"Graph Lead Developer - Dallas, TX",Engineering,"Bangalore, India",Lead,https://www.linkedin.com/jobs/view/graph-lead-developer-at-aklip-technologies-4252041335,Leadership Upgrade
Graphy,"Jobs via Dice hiring Graph Lead Developer in Pittsburgh, PA",Engineering,"Bangalore, India",Lead,https://www.linkedin.com/jobs/view/graph-lead-developer-at-jobs-via-dice-4251508557,Leadership Upgrade
Graphy,Senior Machine Learning Engineering Manager,Engineering,"Bangalore, India",Senior,https://www.linkedin.com/jobs/view/senior-machine-learning-engineering-manager-knowledge-graph-at-atlassian-4219010233,Leadership Upgrade
Graphy,Atlassian hiring Senior Machine Learning Engineering Manager,Engineering,"Bangalore, India",Senior,https://www.linkedin.com/jobs/view/senior-machine-learning-engineering-manager-teamwork-graph-at-atlassian-4216593862,Leadership Upgrade
Graphy,Tanium hiring Senior Software Engineer - Graph Database,Engineering,"Bangalore, India",Senior,https://www.linkedin.com/jobs/view/senior-software-engineer-graph-database-at-tanium-4251816199,Engineering Buildout
Kala.ai,Product Manager - Kalaja Talent Consulting,Product,"Nicosia, Cyprus",Mid,https://al.linkedin.com/jobs/view/product-manager-at-kalaja-talent-consulting-4115978881,"Leadership Upgrade, New Product Initiative"
Kala.ai,B2B Sales and Marketing Executive - Kala,Sales,"Nicosia, Cyprus",Mid,https://in.linkedin.com/jobs/view/b2b-sales-and-marketing-executive-at-kala-ai-and-expert-based-hiring-4198340083,Go-To-Market Expansion
Kala.ai,HR Strategy and Operations Associate,HR,"Nicosia, Cyprus",Junior,https://in.linkedin.com/jobs/view/strategy-and-operations-associate-at-firstprinciples-holding-company-4160674668,General Hiring
Kala.ai,Project Architect - Kala Performance Homes,Other,"Nicosia, Cyprus",Mid,https://www.linkedin.com/jobs/view/project-architect-at-kala-performance-homes-4248907172,General Hiring
Kala.ai,Kala Cassette hiring Social Media Executive ...,Other,"Nicosia, Cyprus",Mid,https://in.linkedin.com/jobs/view/social-media-executive-at-kala-cassette-4249515398,General Hiring
Kala.ai,Kala-Solutions.com hiring Administrative Specialist in Fort ...,Other,"Nicosia, Cyprus",Mid,https://www.linkedin.com/jobs/view/administrative-specialist-at-kala-solutions-com-4171499355,General Hiring
Kala.ai,Kala-solutions.com hiring Administrative Specialist in Kendall ...,Other,"Nicosia, Cyprus",Mid,https://www.linkedin.com/jobs/view/administrative-specialist-at-kala-solutions-com-4171479223,General Hiring
Kala.ai,B2B Sales Executive - Multiple Locations,Sales,"Nicosia, Cyprus",Mid,https://in.linkedin.com/jobs/view/b2b-sales-executive-multiple-locations-at-kala-ai-and-expert-based-hiring-4183360731,Go-To-Market Expansion
Kala.ai,Inside Sales Representative - Kala Brand Music,Sales,"Nicosia, Cyprus",Mid,https://www.linkedin.com/jobs/view/inside-sales-representative-new-business-at-kala-brand-music-136337265,Go-To-Market Expansion
Kala.ai,Kala - Imaginarium hiring Business Development Manager ...,Product,"Nicosia, Cyprus",Mid,https://in.linkedin.com/jobs/view/business-development-manager-at-kala-imaginarium-4238393174,Leadership Upgrade
Kala.ai,Encore Bank hiring Treasury Management Regional Sales ...,Sales,"Nicosia, Cyprus",Mid,https://www.linkedin.com/jobs/view/treasury-management-regional-sales-manager-at-encore-bank-4231971315,Go-To-Market Expansion
Kala.ai,Wesco hiring Manager - Business Development (Wireless ...,Product,"Nicosia, Cyprus",Mid,https://www.linkedin.com/jobs/view/manager-business-development-wireless-us-world-wide-accounts-at-wesco-4221747195,Leadership Upgrade
Kala.ai,Channel Sales Account Manager - Kala Genset Pvt. Ltd.,Sales,"Nicosia, Cyprus",Mid,https://in.linkedin.com/jobs/view/channel-sales-account-manager-at-kala-genset-pvt-ltd-india-4233763417,"Leadership Upgrade, Go-To-Market Expansion"
Kala.ai,Senior Outside Sales Representative (Security Integrators),Sales,"Nicosia, Cyprus",Senior,https://www.linkedin.com/jobs/view/senior-outside-sales-representative-security-integrators-at-wesco-4227185468,Go-To-Market Expansion
Kala.ai,KALA Group hiring Software Developer in Pune ...,Engineering,"Nicosia, Cyprus",Mid,https://in.linkedin.com/jobs/view/software-developer-at-kala-group-4151257262,General Hiring
Kala.ai,Coding Expertise for AI Training - Outlier,Other,"Nicosia, Cyprus",Mid,https://in.linkedin.com/jobs/view/coding-expertise-for-ai-training-at-outlier-4207467780,General Hiring
Kala.ai,Principal Software Engineer - MEAN Stack,Engineering,"Nicosia, Cyprus",Lead,https://in.linkedin.com/jobs/view/principal-software-engineer-mean-stack-at-unext-learning-4221883412,Engineering Buildout
Kala.ai,"Cofounder CTO - Dublin, County Dublin, Ireland",Other,"Nicosia, Cyprus",Mid,https://ie.linkedin.com/jobs/view/cofounder-cto-at-abstract-innovation-4075000441,General Hiring
Kala.ai,CyberOwl hiring Frontend Developer in Singapore ...,Engineering,"Nicosia, Cyprus",Mid,https://sg.linkedin.com/jobs/view/frontend-developer-at-cyberowl-3918880486,General Hiring
Kala.ai,SCOTTILL HEALTHCARE PVT. LTD hiring Engineer ...,Engineering,"Nicosia, Cyprus",Mid,https://in.linkedin.com/jobs/view/engineer-at-scottill-healthcare-pvt-ltd-4239945347,General Hiring
Kala.ai,Loading IT Solutions hiring User Experience Designer ...,Design,"Nicosia, Cyprus",Mid,https://pk.linkedin.com/jobs/view/user-experience-designer-at-loading-it-solutions-4026739613,Design Overhaul
Kala.ai,Full Stack Architect &amp;#8211; UI/UX - Highbrow LLC,Design,"Nicosia, Cyprus",Mid,https://www.linkedin.com/jobs/view/full-stack-architect-amp-%238211-ui-ux-at-highbrow-llc-4215626193,General Hiring
Kala.ai,Kala and Kriti hiring Graphic Design Intern in India,Design,"Nicosia, Cyprus",Intern,https://in.linkedin.com/jobs/view/graphic-design-intern-at-kala-and-kriti-4186266130,General Hiring
Kala.ai,Junior Search Engine Optimization (SEO) Specialist in ...,Other,"Nicosia, Cyprus",Junior,https://in.linkedin.com/jobs/view/junior-search-engine-optimization-seo-specialist-in-chandigarh-mohali-mohali-mohali-uttar-pradesh-chandigarh-himachal-pradesh-uttarakhand-at-relinns-technologies-4251061036,General Hiring
Kala.ai,Motion Graphic Designer - Royal Finesse,Design,"Nicosia, Cyprus",Mid,https://in.linkedin.com/jobs/view/motion-graphic-designer-at-royal-finesse-3221555001,Design Overhaul
Kala.ai,"Lead Graphic Designer - Lahore, Punjab, Pakistan",Design,"Nicosia, Cyprus",Lead,https://pk.linkedin.com/jobs/view/lead-graphic-designer-at-sa-group-4216026459,"Design Overhaul, Leadership Upgrade"
Kala.ai,Stall Sales and Customer Service Representative,Sales,"Nicosia, Cyprus",Mid,https://np.linkedin.com/jobs/view/stall-sales-and-customer-service-representative-at-masta-kala-4083096501,Go-To-Market Expansion
Kala.ai,Senior Customer Success Officer (Hybrid),CSM,"Nicosia, Cyprus",Senior,https://np.linkedin.com/jobs/view/senior-customer-success-officer-hybrid-at-right-jobs-3935061767,General Hiring
Kala.ai,Customer Success Officer - Veda App (वेद),CSM,"Nicosia, Cyprus",Mid,https://np.linkedin.com/jobs/view/customer-success-officer-at-veda-app-%E0%A4%B5%E0%A5%87%E0%A4%A6-4228129423,General Hiring
Kala.ai,Stall Sales and Customer Service Representative,Sales,"Nicosia, Cyprus",Mid,https://np.linkedin.com/jobs/view/stall-sales-and-customer-service-representative-at-masta-kala-4245416847,Go-To-Market Expansion
Kala.ai,Admissions Counselor Sr II (California),Other,"Nicosia, Cyprus",Mid,https://www.linkedin.com/jobs/view/admissions-counselor-i-admissions-counselor-sr-ii-california-at-oklahoma-state-university-4252573565,General Hiring
Kala.ai,"State of North Carolina hiring Adjudicator in Raleigh, NC",Other,"Nicosia, Cyprus",Mid,https://www.linkedin.com/jobs/view/adjudicator-at-state-of-north-carolina-4237267997,General Hiring
Kala.ai,Sales Manager for HR Intranet powered by AI - Kala,Sales,"Nicosia, Cyprus",Mid,https://be.linkedin.com/jobs/view/sales-manager-for-hr-intranet-powered-by-ai-at-kala-3997316922,"Leadership Upgrade, Go-To-Market Expansion"
Kala.ai,Kala Brand Music hiring Social Media Intern in California ...,Other,"Nicosia, Cyprus",Intern,https://www.linkedin.com/jobs/view/social-media-intern-at-kala-brand-music-4230651573,General Hiring
Kala.ai,"Kala-solutions.com hiring Data Analyst in Minneapolis, MN",Data,"Nicosia, Cyprus",Mid,https://www.linkedin.com/jobs/view/data-analyst-at-kala-solutions-com-4176431894,General Hiring
Kala.ai,"Marketing Partner - Ahmedabad, Gujarat, India",Marketing,"Nicosia, Cyprus",Mid,https://in.linkedin.com/jobs/view/marketing-partner-at-saundhya-kala-foundation-4159049200,General Hiring
Kala.ai,Inside Sales Representative – Toy/Education Market,Sales,"Nicosia, Cyprus",Mid,https://www.linkedin.com/jobs/view/inside-sales-representative-%E2%80%93-toy-education-market-at-kala-brand-music-205280058,Go-To-Market Expansion
Kala.ai,"TravClan hiring Operations Analyst in New Delhi, Delhi, India",Data,"Nicosia, Cyprus",Mid,https://in.linkedin.com/jobs/view/operations-analyst-at-travclan-4156975495?refId=1bGmG5SLEHcbuUgU9xaKhw%3D%3D&trackingId=HDi7uwTFYGCURyqycnTAJQ%3D%3D&position=2&pageNum=0,General Hiring
Kala.ai,"Actalent hiring Project Architect in Kansas City, MO",Other,"Nicosia, Cyprus",Mid,https://www.linkedin.com/jobs/view/project-architect-at-actalent-4252532219,General Hiring
Kala.ai,Helix Architecture + Design hiring Project Architect in ...,Design,"Nicosia, Cyprus",Mid,https://www.linkedin.com/jobs/view/project-architect-at-helix-architecture-%2B-design-4250719558,General Hiring
Kala.ai,"ADVANCE KIDS, INC. hiring Kala No Limits RBT in ...",Other,"Nicosia, Cyprus",Mid,https://www.linkedin.com/jobs/view/kala-no-limits-rbt-at-advance-kids-inc-4240230451,General Hiring
Kala.ai,"human resources assistant iii - OAHU in Honolulu, HI",Other,"Nicosia, Cyprus",Mid,https://www.linkedin.com/jobs/view/human-resources-assistant-iii-oahu-at-state-of-hawai%CA%BBi-4236633713,General Hiring
Kala.ai,Custodian Full-time (Aiea - Hawaiian Building Maintenance,Design,"Nicosia, Cyprus",Mid,https://www.linkedin.com/jobs/view/custodian-full-time-aiea-oahu-at-hawaiian-building-maintenance-4240162292,General Hiring
Kala.ai,"Grocery Team Member (Stocker, Inventory, Floor Service ...",Other,"Nicosia, Cyprus",Mid,https://www.linkedin.com/jobs/view/grocery-team-member-stocker-inventory-floor-service-customer-service-part-time-at-whole-foods-market-4244467450,General Hiring
Kala.ai,Administrative Clerk (General Clerk II) with DoD Security ...,Other,"Nicosia, Cyprus",Mid,https://www.linkedin.com/jobs/view/administrative-clerk-general-clerk-ii-with-dod-security-clearance-at-hire-our-heroes-veteran-job-board-4250250254,General Hiring
Kala.ai,Kala-Solutions.com hiring Administrative Support Specialist ...,Support,"Nicosia, Cyprus",Mid,https://www.linkedin.com/jobs/view/administrative-support-specialist-at-kala-solutions-com-4171499355,General Hiring
Kala.ai,Jacobs hiring Civil and Structural Practice Lead in ...,Other,"Nicosia, Cyprus",Lead,https://www.linkedin.com/jobs/view/civil-and-structural-practice-lead-at-jacobs-4232747419,Leadership Upgrade
Kala.ai,Senior Design Project Manager - Mammoth,Design,"Nicosia, Cyprus",Senior,https://www.linkedin.com/jobs/view/senior-design-project-manager-at-mammoth-3908810708,Leadership Upgrade
Kala.ai,Technical Program Manager (R&D) - KLA,Other,"Nicosia, Cyprus",Mid,https://sg.linkedin.com/jobs/view/technical-program-manager-r-d-at-kla-4004981308,Leadership Upgrade
Kala.ai,Senior Design Build Project Manager,Design,"Nicosia, Cyprus",Senior,https://www.linkedin.com/jobs/view/senior-design-build-project-manager-at-wilson-company-inc-engineers-and-architects-4205019886,Leadership Upgrade
Razorpay,Senior Product Manager - Razorpay,Product,"Bangalore, India",Senior,https://in.linkedin.com/jobs/view/senior-product-manager-at-razorpay-4245896954,"Leadership Upgrade, New Product Initiative"
Razorpay,Razorpay hiring Product Manager II in Bengaluru ...,Product,"Bangalore, India",Mid,https://in.linkedin.com/jobs/view/product-manager-ii-at-razorpay-4204758990,"Leadership Upgrade, New Product Initiative"
Razorpay,Razorpay hiring Senior Product Manager in Bengaluru ...,Product,"Bangalore, India",Senior,https://in.linkedin.com/jobs/view/senior-product-manager-at-razorpay-4237620937,"Leadership Upgrade, New Product Initiative"
Razorpay,Razorpay hiring Product Manager II in Bengaluru ...,Product,"Bangalore, India",Mid,https://in.linkedin.com/jobs/view/product-manager-ii-at-razorpay-4210902225,"Leadership Upgrade, New Product Initiative"
Razorpay,Razorpay hiring Senior Associate - Business Development ...,Product,"Bangalore, India",Junior,https://in.linkedin.com/jobs/view/senior-associate-business-development-at-razorpay-4250812475,General Hiring
Razorpay,Razorpay hiring Sales Manager in Singapore ...,Sales,"Bangalore, India",Mid,https://sg.linkedin.com/jobs/view/sales-manager-at-razorpay-4224476299,"Leadership Upgrade, Go-To-Market Expansion"
Razorpay,Razorpay hiring Senior Manager - Enterprise Sales in ...,Sales,"Bangalore, India",Senior,https://in.linkedin.com/jobs/view/senior-manager-enterprise-sales-at-razorpay-4210901291,"Leadership Upgrade, Go-To-Market Expansion"
Razorpay,Razorpay hiring Associate Manager - Sales Strategy,Sales,"Bangalore, India",Junior,https://in.linkedin.com/jobs/view/associate-manager-sales-strategy-at-razorpay-4195560504,"Leadership Upgrade, Go-To-Market Expansion"
Razorpay,Razorpay hiring Inside Sales Associate in Federal Territory ...,Sales,"Bangalore, India",Junior,https://www.linkedin.com/jobs/view/3930441252/,Go-To-Market Expansion
Razorpay,Senior Software Development Engineer - Razorpay,Engineering,"Bangalore, India",Senior,https://in.linkedin.com/jobs/view/senior-software-development-engineer-at-razorpay-4251617042,General Hiring
Razorpay,Software Development Engineer in Test - Razorpay,Engineering,"Bangalore, India",Mid,https://in.linkedin.com/jobs/view/software-development-engineer-in-test-at-razorpay-4138759887,General Hiring
Razorpay,Software Development Engineer (Android SDK) - Razorpay,Engineering,"Bangalore, India",Mid,https://in.linkedin.com/jobs/view/software-development-engineer-android-sdk-at-razorpay-4239272660,General Hiring
Razorpay,Razorpay hiring Staff Software Development Engineer ...,Engineering,"Bangalore, India",Mid,https://in.linkedin.com/jobs/view/staff-software-development-engineer-at-razorpay-4138969675,General Hiring
Razorpay,Staff Software Development Engineer - Razorpay,Engineering,"Bangalore, India",Mid,https://in.linkedin.com/jobs/view/staff-software-development-engineer-at-razorpay-4236571953,General Hiring
Razorpay,Senior Software Development Engineer in Test - Razorpay,Engineering,"Bangalore, India",Senior,https://in.linkedin.com/jobs/view/senior-software-development-engineer-in-test-at-razorpay-4233415163,General Hiring
Razorpay,Razorpay hiring Product Designer I in Bengaluru ...,Design,"Bangalore, India",Mid,https://in.linkedin.com/jobs/view/product-designer-i-at-razorpay-4242567086,"Design Overhaul, New Product Initiative"
Razorpay,Razorpay hiring Senior Product Designer in Bengaluru ...,Design,"Bangalore, India",Senior,https://in.linkedin.com/jobs/view/senior-product-designer-at-razorpay-4210902226,"Design Overhaul, New Product Initiative"
Razorpay,Razorpay hiring Product Designer II in Bengaluru ...,Design,"Bangalore, India",Mid,https://in.linkedin.com/jobs/view/product-designer-ii-at-razorpay-4238106379?refId=Z2uRZFN8%2Bzi8AB2LWrYsZg%3D%3D&trackingId=KaxWcD8G0doxwAFYWU1WaA%3D%3D&position=19&pageNum=0,"Design Overhaul, New Product Initiative"
Razorpay,Customer Success Executive - Curlec by Razorpay,CSM,"Bangalore, India",Mid,https://my.linkedin.com/jobs/view/customer-success-executive-at-curlec-by-razorpay-4160831018,General Hiring
Razorpay,"Associate Manager, New Initiatives Client Success",Other,"Bangalore, India",Junior,https://in.linkedin.com/jobs/view/associate-manager-new-initiatives-client-success-at-razorpay-4251615252,Leadership Upgrade
Razorpay,"Razorpay hiring Associate, New Initiatives Client Success ...",Other,"Bangalore, India",Junior,https://in.linkedin.com/jobs/view/associate-new-initiatives-client-success-at-razorpay-4186995618,General Hiring
Razorpay,Associate Manager - New Initiatives Client Success,Other,"Bangalore, India",Junior,https://in.linkedin.com/jobs/view/associate-manager-new-initiatives-client-success-at-razorpay-4117294557,Leadership Upgrade
Razorpay,Technical Account Manager - Razorpay,Other,"Bangalore, India",Mid,https://in.linkedin.com/jobs/view/technical-account-manager-at-razorpay-4226785383,Leadership Upgrade
Razorpay,Razorpay hiring Manager - Events Marketing in Bengaluru ...,Marketing,"Bangalore, India",Mid,https://in.linkedin.com/jobs/view/manager-events-marketing-at-razorpay-4189620569,Leadership Upgrade
Razorpay,Head of Marketing (SEA) - Curlec by Razorpay,Marketing,"Bangalore, India",Mid,https://my.linkedin.com/jobs/view/head-of-marketing-sea-at-curlec-by-razorpay-4211500657,General Hiring
Razorpay,Razorpay - Manager - Product Marketing (5-10 yrs) ...,Marketing,"Bangalore, India",Mid,https://in.linkedin.com/jobs/view/razorpay-manager-product-marketing-5-10-yrs-bangalore-at-razorpay-207288111,"Leadership Upgrade, New Product Initiative"
Razorpay,Razorpay hiring Senior Manager Social Media in ...,Other,"Bangalore, India",Senior,https://in.linkedin.com/jobs/view/senior-manager-social-media-at-razorpay-4172806086,Leadership Upgrade
Razorpay,Razorpay hiring Associate Manager - Marketing in ...,Marketing,"Bangalore, India",Junior,https://in.linkedin.com/jobs/view/associate-manager-marketing-at-razorpay-4172341635,Leadership Upgrade
Razorpay,Campaign Management ( Ad Sales ) in Bengaluru ...,Sales,"Bangalore, India",Mid,https://in.linkedin.com/jobs/view/manager-campaign-management-ad-sales-at-razorpay-4200136297,Go-To-Market Expansion
Razorpay,Razorpay hiring Data Analyst - Business Finance in ...,Data,"Bangalore, India",Mid,https://in.linkedin.com/jobs/view/data-analyst-business-finance-at-razorpay-4245342978,General Hiring
Razorpay,Razorpay hiring Senior Analytics Specialist in Bengaluru ...,Other,"Bangalore, India",Senior,https://in.linkedin.com/jobs/view/senior-analytics-specialist-at-razorpay-4253098096,General Hiring
Razorpay,Razorpay hiring Manager - Cross Border in Gurugram ...,Other,"Bangalore, India",Mid,https://in.linkedin.com/jobs/view/manager-cross-border-at-razorpay-4252509436,Leadership Upgrade
Razorpay,Razorpay hiring Director - Solutions Consulting,Other,"Bangalore, India",Director,https://in.linkedin.com/jobs/view/director-solutions-consulting-at-razorpay-4219338200,Leadership Upgrade
Razorpay,Razorpay hiring Director - Business Management,Other,"Bangalore, India",Director,https://in.linkedin.com/jobs/view/director-business-management-at-razorpay-4108548131,Leadership Upgrade
Razorpay,Razorpay hiring Manager - Learning & Development in ...,Product,"Bangalore, India",Mid,https://in.linkedin.com/jobs/view/manager-learning-development-at-razorpay-4210901288,Leadership Upgrade
Razorpay,"Senior Associate, Talent Partner - Razorpay",Other,"Bangalore, India",Junior,https://in.linkedin.com/jobs/view/senior-associate-talent-partner-at-razorpay-4172073574,General Hiring
Razorpay,Lead Software Development Engineer - Razorpay,Engineering,"Bangalore, India",Lead,https://in.linkedin.com/jobs/view/lead-software-development-engineer-at-razorpay-4247784802,Leadership Upgrade
Razorpay,Razorpay hiring Lead Solutions Engineer in Bengaluru ...,Engineering,"Bangalore, India",Lead,https://in.linkedin.com/jobs/view/lead-solutions-engineer-at-razorpay-4225981914,Leadership Upgrade
Razorpay,Lead DevOps Engineer - Razorpay,Engineering,"Bangalore, India",Lead,https://in.linkedin.com/jobs/view/lead-devops-engineer-at-razorpay-4150025968,Leadership Upgrade
Razorpay,Director/Senior Director Engineering - Razorpay,Engineering,"Bangalore, India",Senior,https://in.linkedin.com/jobs/view/director-senior-director-engineering-at-razorpay-4229108620,Leadership Upgrade
Razorpay,Lead Software Development Engineer,Engineering,"Bangalore, India",Lead,https://in.linkedin.com/jobs/view/lead-software-development-engineer-at-razorpay-4223496918,Leadership Upgrade
Razorpay,Engineering Manager (Data Platform),Engineering,"Bangalore, India",Mid,https://in.linkedin.com/jobs/view/engineering-manager-data-platform-at-razorpay-4235095561,Leadership Upgrade
Razorpay,Senior Engineering Manager - Razorpay,Engineering,"Bangalore, India",Senior,https://in.linkedin.com/jobs/view/senior-engineering-manager-at-razorpay-4204368864,Leadership Upgrade
BrowserStack,BrowserStack hiring Principal Product Manager in India,Product,"Mumbai, India",Lead,https://in.linkedin.com/jobs/view/principal-product-manager-at-browserstack-4151316170,"Leadership Upgrade, New Product Initiative"
BrowserStack,BrowserStack hiring Senior Product Manager in {:location},Product,"Mumbai, India",Senior,https://in.linkedin.com/jobs/view/193894309,"Leadership Upgrade, New Product Initiative"
BrowserStack,BrowserStack hiring Product Manager in {:location},Product,"Mumbai, India",Mid,https://in.linkedin.com/jobs/view/product-manager-at-browserstack-195583981,"Leadership Upgrade, New Product Initiative"
BrowserStack,BrowserStack hiring Developer Advocate in United States,Engineering,"Mumbai, India",Mid,https://www.linkedin.com/jobs/view/developer-advocate-at-browserstack-4206626989,General Hiring
BrowserStack,BrowserStack hiring Senior Product Designer in India,Design,"Mumbai, India",Senior,https://in.linkedin.com/jobs/view/senior-product-designer-at-browserstack-4194773701,"Design Overhaul, New Product Initiative"
BrowserStack,Associate Technical Program Manager - BrowserStack,Other,"Mumbai, India",Junior,https://in.linkedin.com/jobs/view/associate-technical-program-manager-at-browserstack-4130151525,Leadership Upgrade
BrowserStack,BrowserStack hiring Manager - Enterprise Sales in United ...,Sales,"Mumbai, India",Mid,https://www.linkedin.com/jobs/view/manager-enterprise-sales-at-browserstack-4202605361,"Leadership Upgrade, Go-To-Market Expansion"
BrowserStack,Business Development Representative - BrowserStack,Product,"Mumbai, India",Mid,https://in.linkedin.com/jobs/view/business-development-representative-at-browserstack-4211431609,General Hiring
BrowserStack,Enterprise Account Executive - BrowserStack,Other,"Mumbai, India",Mid,https://www.linkedin.com/jobs/view/enterprise-account-executive-at-browserstack-4202605360,General Hiring
BrowserStack,BrowserStack hiring Lead - Sales Enablement in India,Sales,"Mumbai, India",Lead,https://in.linkedin.com/jobs/view/lead-sales-enablement-at-browserstack-4176724589,"Leadership Upgrade, Go-To-Market Expansion"
BrowserStack,Business Development Representative (Remote - Pune),Product,"Mumbai, India",Mid,https://in.linkedin.com/jobs/view/business-development-representative-remote-pune-at-browserstack-4239393236,General Hiring
BrowserStack,BrowserStack hiring Team Lead - Business Development ...,Product,"Mumbai, India",Lead,https://in.linkedin.com/jobs/view/team-lead-business-development-at-browserstack-4206129687,Leadership Upgrade
BrowserStack,BrowserStack hiring User Experience Interface Designer in,Design,"Mumbai, India",Mid,https://in.linkedin.com/jobs/view/user-experience-interface-designer-at-browserstack-151272002,Design Overhaul
BrowserStack,Lead Product Designer - Mumbai(Remote),Design,"Mumbai, India",Lead,https://in.linkedin.com/jobs/view/lead-product-designer-mumbai-remote-at-browserstack-4230072820,"Leadership Upgrade, Design Overhaul, New Product Initiative"
BrowserStack,"AssuranceAmerica hiring UX Designer in Atlanta, GA",Design,"Mumbai, India",Mid,https://www.linkedin.com/jobs/view/ux-designer-at-assuranceamerica-4121866090,Design Overhaul
BrowserStack,BrowserStack hiring Head of Design in {:location},Design,"Mumbai, India",Mid,https://in.linkedin.com/jobs/view/head-of-design-at-browserstack-139106749,General Hiring
BrowserStack,BrowserStack hiring Lead Product Designer in India,Design,"Mumbai, India",Lead,https://in.linkedin.com/jobs/view/lead-product-designer-at-browserstack-4198000201,"Leadership Upgrade, Design Overhaul, New Product Initiative"
BrowserStack,micro1 hiring UI/UX Tester in NAMER,Design,"Mumbai, India",Mid,https://www.linkedin.com/jobs/view/ui-ux-tester-at-micro1-4250629735,General Hiring
BrowserStack,BrowserStack hiring Customer Success in {:location},CSM,"Mumbai, India",Mid,https://in.linkedin.com/jobs/view/customer-success-at-browserstack-193892694,General Hiring
BrowserStack,BrowserStack hiring Customer Engineer in United States,Engineering,"Mumbai, India",Mid,https://www.linkedin.com/jobs/view/customer-engineer-at-browserstack-4202604422,General Hiring
BrowserStack,BrowserStack hiring Customer Engineer in United States,Engineering,"Mumbai, India",Mid,https://www.linkedin.com/jobs/view/customer-engineer-at-browserstack-4202607141,General Hiring
BrowserStack,Customer Success Lead (Remote - Bangalore / Hyderabad),CSM,"Mumbai, India",Lead,https://in.linkedin.com/jobs/view/customer-success-lead-remote-bangalore-hyderabad-at-browserstack-4211728478,Leadership Upgrade
BrowserStack,BrowserStack hiring Customer Success Lead in ...,CSM,"Mumbai, India",Lead,https://in.linkedin.com/jobs/view/customer-success-lead-at-browserstack-4236643671,Leadership Upgrade
BrowserStack,Associate - Marketing Analytics & Operations,Marketing,"Mumbai, India",Junior,https://in.linkedin.com/jobs/view/associate-marketing-analytics-operations-at-browserstack-4086792197,General Hiring
BrowserStack,Growth Marketing Strategy | Remote- Mumbai,Marketing,"Mumbai, India",Mid,https://in.linkedin.com/jobs/view/growth-marketing-strategy-remote-mumbai-at-browserstack-4206630579,General Hiring
BrowserStack,BrowserStack hiring Lead - Performance Marketing in ...,Marketing,"Mumbai, India",Lead,https://in.linkedin.com/jobs/view/lead-performance-marketing-at-browserstack-4209862965,Leadership Upgrade
BrowserStack,Revenue Marketing (Remote- Mumbai) - BrowserStack,Marketing,"Mumbai, India",Mid,https://in.linkedin.com/jobs/view/lead-revenue-marketing-remote-mumbai-at-browserstack-4235529429,General Hiring
BrowserStack,BrowserStack hiring Lead - Developer Marketing in India,Engineering,"Mumbai, India",Lead,https://in.linkedin.com/jobs/view/lead-developer-marketing-at-browserstack-4186073015,Leadership Upgrade
BrowserStack,BrowserStack hiring Lead - Global Reporting in India,Other,"Mumbai, India",Lead,https://in.linkedin.com/jobs/view/lead-global-reporting-at-browserstack-4182357410,Leadership Upgrade
BrowserStack,BrowserStack hiring Recruiter - Engineering Hiring in India,Engineering,"Mumbai, India",Mid,https://in.linkedin.com/jobs/view/recruiter-engineering-hiring-contract-at-browserstack-4144117928,General Hiring
BrowserStack,BrowserStack hiring Recruiter - Engineering in Mumbai ...,Engineering,"Mumbai, India",Mid,https://in.linkedin.com/jobs/view/recruiter-engineering-at-browserstack-4158198291,General Hiring
BrowserStack,BrowserStack hiring Engineering Manager in India,Engineering,"Mumbai, India",Mid,https://in.linkedin.com/jobs/view/engineering-manager-at-browserstack-3935082250,Leadership Upgrade
BrowserStack,Enterprise Account Executive - BrowserStack,Other,"Mumbai, India",Mid,https://www.linkedin.com/jobs/view/enterprise-account-executive-at-browserstack-4247477769,General Hiring
BrowserStack,Global Manager - Consolidation & Reporting,Other,"Mumbai, India",Mid,https://in.linkedin.com/jobs/view/global-manager-consolidation-reporting-at-browserstack-4224446943,Leadership Upgrade
BrowserStack,BrowserStack hiring Manager - People & Culture in ...,Other,"Mumbai, India",Mid,https://in.linkedin.com/jobs/view/manager-people-culture-at-browserstack-4226127551,Leadership Upgrade
BrowserStack,Customer Engineering | Automation Testing - Selenium ...,Engineering,"Mumbai, India",Mid,https://in.linkedin.com/jobs/view/technical-lead-customer-engineering-automation-testing-selenium-pre-sales-post-sales-remote-ncr-bengaluru-at-browserstack-4191419847,General Hiring
BrowserStack,Solutions Engineering (Pre & Post Sales)/ Automation ...,Engineering,"Mumbai, India",Mid,https://in.linkedin.com/jobs/view/customer-engineering-manager-solutions-engineering-pre-post-sales-automation-testing-selenium-at-browserstack-4213199965,Go-To-Market Expansion
Meesho,Meesho hiring Senior Product Manager . in Bengaluru ...,Product,"Bangalore, India",Senior,https://in.linkedin.com/jobs/view/senior-product-manager-at-meesho-4251659168,"Leadership Upgrade, New Product Initiative"
Meesho,"Product Manager II. - Bengaluru, Karnataka, India",Product,"Bangalore, India",Mid,https://in.linkedin.com/jobs/view/product-manager-ii-at-meesho-4249670250,"Leadership Upgrade, New Product Initiative"
Meesho,Associate Product Manager II - Platforms,Product,"Bangalore, India",Junior,https://in.linkedin.com/jobs/view/associate-product-manager-ii-platforms-at-meesho-4139617773,"Leadership Upgrade, New Product Initiative"
Meesho,Meesho hiring Product Manager II - Marketplace,Product,"Bangalore, India",Mid,https://in.linkedin.com/jobs/view/product-manager-ii-marketplace-at-meesho-4234287421,"Leadership Upgrade, New Product Initiative"
Meesho,Meesho hiring Product Manager II - AI in Bengaluru ...,Product,"Bangalore, India",Mid,https://in.linkedin.com/jobs/view/product-manager-ii-ai-at-meesho-4234086334,"Leadership Upgrade, New Product Initiative"
Meesho,Group Product Manager - Meesho,Product,"Bangalore, India",Mid,https://in.linkedin.com/jobs/view/group-product-manager-at-meesho-4243556616,"Leadership Upgrade, New Product Initiative"
Meesho,Meesho hiring Group Product Manager . in Bengaluru ...,Product,"Bangalore, India",Mid,https://in.linkedin.com/jobs/view/group-product-manager-at-meesho-4243813353,"Leadership Upgrade, New Product Initiative"
Meesho,Meesho hiring Enterprise Sales Manager - B2B in ...,Sales,"Bangalore, India",Mid,https://in.linkedin.com/jobs/view/enterprise-sales-manager-at-meesho-4099099955,"Leadership Upgrade, Go-To-Market Expansion"
Meesho,"Meesho hiring Sales Manager in Bengaluru, Karnataka, India",Sales,"Bangalore, India",Mid,https://in.linkedin.com/jobs/view/sales-manager-at-meesho-4099099955,"Leadership Upgrade, Go-To-Market Expansion"
Meesho,"Senior Associate - Ad Sales in Bengaluru, Karnataka, India",Sales,"Bangalore, India",Junior,https://in.linkedin.com/jobs/view/senior-associate-ad-sales-at-meesho-4005824765,Go-To-Market Expansion
Meesho,Senior Business Manager - H& A,Other,"Bangalore, India",Senior,https://in.linkedin.com/jobs/view/senior-business-manager-h-a-at-meesho-4151097735,Leadership Upgrade
Meesho,"Meesho hiring Area Manager in New Delhi, Delhi, India",Other,"Bangalore, India",Mid,https://in.linkedin.com/jobs/view/area-manager-at-meesho-4250166441,Leadership Upgrade
Meesho,"Cluster Head - Consolidation in Jaipur, Rajasthan, India",Other,"Bangalore, India",Mid,https://in.linkedin.com/jobs/view/cluster-head-consolidation-at-meesho-4247467562,General Hiring
Meesho,Software Development Engineer II (DevOps) - Meesho,Engineering,"Bangalore, India",Mid,https://in.linkedin.com/jobs/view/software-development-engineer-ii-devops-at-meesho-3919092388,General Hiring
Meesho,Software Development Engineer IV Android - Meesho,Engineering,"Bangalore, India",Mid,https://in.linkedin.com/jobs/view/software-development-engineer-iv-android-at-meesho-4249837883,General Hiring
Meesho,Software Development Engineer III- Frontend,Engineering,"Bangalore, India",Mid,https://in.linkedin.com/jobs/view/software-development-engineer-iii-frontend-at-meesho-4202614214,General Hiring
Meesho,Meesho hiring Software Development Engineer - Backend,Engineering,"Bangalore, India",Mid,https://in.linkedin.com/jobs/view/software-development-engineer-iv-backend-at-meesho-4090630785,General Hiring
Meesho,Software Development Engineer II Android - Meesho,Engineering,"Bangalore, India",Mid,https://in.linkedin.com/jobs/view/software-development-engineer-ii-android-at-meesho-4071984031,General Hiring
Meesho,Software Development Engineer III -Backend - Meesho,Engineering,"Bangalore, India",Mid,https://in.linkedin.com/jobs/view/software-development-engineer-iii-backend-at-meesho-4080964426,General Hiring
Meesho,Software Development Engineer - Trainee,Engineering,"Bangalore, India",Mid,https://in.linkedin.com/jobs/view/software-development-engineer-trainee-at-teknuova-4168216932,General Hiring
